Weight,Source,Target
12533,601483a1b22699b636f1df800b9b709466eba4e1d5ce7c2e1e20317af8bbd1f3,simpleguy.near
9628,601483a1b22699b636f1df800b9b709466eba4e1d5ce7c2e1e20317af8bbd1f3,grandalex.near
7919,simpleguy.near,7c0ae38d15ed66d2801633f5dada2089b9f8e4fc98c717f883517601eddbac8b
4943,7c0ae38d15ed66d2801633f5dada2089b9f8e4fc98c717f883517601eddbac8b,601483a1b22699b636f1df800b9b709466eba4e1d5ce7c2e1e20317af8bbd1f3
3344,grandalex.near,16b1913f18631c59ec733b3c6c2ce118ec8c0c4ccf2f884eee9b19ef53f5452f
2440,app.nearcrowd.near,lowskill.near
2156,dsra5mfh.01.near,5gkxs1jc.01.near
2153,5gkxs1jc.01.near,dsra5mfh.01.near
2085,app.nearcrowd.near,vankeloff.near
1700,16b1913f18631c59ec733b3c6c2ce118ec8c0c4ccf2f884eee9b19ef53f5452f,601483a1b22699b636f1df800b9b709466eba4e1d5ce7c2e1e20317af8bbd1f3
1248,601483a1b22699b636f1df800b9b709466eba4e1d5ce7c2e1e20317af8bbd1f3,8405e0bb3cce8d1fdc4369d4d00e28d33b1fe949f64ffb98f1b069c68879713f
1059,7747991786f445efb658b69857eadc7a57b6b475beec26ed14da8bc35bb2b5b6,a5fbaa703c682bebca0b45c06145da6d8006403a1f885a7f722ecedbadbea04f
785,d73888a2619c7761735f23c798536145dfa87f9306b5f21275eb4b1a7ba971b9,936314a91d7a9dda992e5c74955585b979efab6545d6e54e1191da03415289aa
691,app.nearcrowd.near,beget.near
656,5c33c6218d47e00ef229f60da78d0897e1ee9665312550b8afd5f9c7bc6957d2,a5fbaa703c682bebca0b45c06145da6d8006403a1f885a7f722ecedbadbea04f
654,7747991786f445efb658b69857eadc7a57b6b475beec26ed14da8bc35bb2b5b6,defb1234ae52486ea8238814a8a043ac815034f081fdb3d1b72929765a2d3078
567,5623c9fbb2f1b6b12ba775031dbf52fab977a8b466b64f153f3743069e13bb34,3f4bd270b5b2c536d8c44ebc554a5debd5d3fcc5a183d5ba9429605bfaceaa84
542,e9d2914b31a766694c8f9b7b6475f340a61527e8c729c73a962bcd301044ead3,7981ae28a8314f939c7b2d0cb4fca0cb0ea70e5c022b219425bc9c4d5723e8ce
533,7981ae28a8314f939c7b2d0cb4fca0cb0ea70e5c022b219425bc9c4d5723e8ce,1f80ebc9b7b2241958d20301a02210297d03153ff16715f5fa13daeedb04c827
528,app.nearcrowd.near,mtm.near
516,okancaptain.near,talhakahraman.near
498,d73888a2619c7761735f23c798536145dfa87f9306b5f21275eb4b1a7ba971b9,2dcbc09fba0a08dc4359b2a043d3660c9af2ce641644f9a3b7c9a2f8e1967e9a
497,264e952638a425d60e0637367a49f57c07495c4427d8475b5fa0b1760011008b,ccb91e1db61e8d7e1d4ae3e043001140132959a86ee35a548b6563a46284a6ea
475,601483a1b22699b636f1df800b9b709466eba4e1d5ce7c2e1e20317af8bbd1f3,3f4bd270b5b2c536d8c44ebc554a5debd5d3fcc5a183d5ba9429605bfaceaa84
409,601483a1b22699b636f1df800b9b709466eba4e1d5ce7c2e1e20317af8bbd1f3,db183a08f3e34cee3fb45633620ec42e091100960fe2ce62d4df414a45b0baa2
403,7747991786f445efb658b69857eadc7a57b6b475beec26ed14da8bc35bb2b5b6,nguyenchanhduong1.near
399,da3dcc4d5b06dd67accae94d8159f4f1f65b059fc5e48378cae4bb66c4daa5b8,ccb91e1db61e8d7e1d4ae3e043001140132959a86ee35a548b6563a46284a6ea
399,d73888a2619c7761735f23c798536145dfa87f9306b5f21275eb4b1a7ba971b9,da3dcc4d5b06dd67accae94d8159f4f1f65b059fc5e48378cae4bb66c4daa5b8
384,d73888a2619c7761735f23c798536145dfa87f9306b5f21275eb4b1a7ba971b9,be2564f068e4e20fba1ead26e2e12b92e91c80d5355f01e5735fc5ef653f9952
380,fef72f5a3244094d54b0ca5032768ec87c535045fb2684d6aacc15d74ae328b4,7981ae28a8314f939c7b2d0cb4fca0cb0ea70e5c022b219425bc9c4d5723e8ce
370,jreive.near,0bedd44d70fa436b70c966b99a5e4d88befd14a2bd7e801151c1f8a65a79d8af
370,423df0a6640e9467769c55a573f15b9ee999dc8970048959c72890abf5cc3a8e,trancung.near
361,marilyn69.near,f8413746a47b6405d4a78e79531f9e090d80139da962888349aad3a1812f1773
357,a5fbaa703c682bebca0b45c06145da6d8006403a1f885a7f722ecedbadbea04f,e88b2b69ea1bee8c9b4a9fa433ea5fff0640d1fc42f74b298e656dd29314264a
353,cungchi.near,5ae9c778d4f3d3eb27a38e2c6c4c058bf8570904bace4a98c714a5bd867d5c13
352,trancung.near,b4dc7f2365f59afe01ef94935283a25634ebd132b34e195f365969ee98fe2ab9
352,5623c9fbb2f1b6b12ba775031dbf52fab977a8b466b64f153f3743069e13bb34,264e952638a425d60e0637367a49f57c07495c4427d8475b5fa0b1760011008b
348,b4dc7f2365f59afe01ef94935283a25634ebd132b34e195f365969ee98fe2ab9,423df0a6640e9467769c55a573f15b9ee999dc8970048959c72890abf5cc3a8e
340,5623c9fbb2f1b6b12ba775031dbf52fab977a8b466b64f153f3743069e13bb34,27c2b1c8e756df12cbd6927a6ff184bdd984abdf6515ac1b75965d864927a3c6
337,8405e0bb3cce8d1fdc4369d4d00e28d33b1fe949f64ffb98f1b069c68879713f,e88b2b69ea1bee8c9b4a9fa433ea5fff0640d1fc42f74b298e656dd29314264a
335,7747991786f445efb658b69857eadc7a57b6b475beec26ed14da8bc35bb2b5b6,21f1c4eb24bc0346eaa5683c6706b0333b2461b7b64c7f55e84b37c546041dfa
329,nguyenchanhduong1.near,c608e924277358da1ae27219f4a03d1d2e1f93525d4fcedffbc2d32c2ebc832c
319,f28e34e3febf322b8832b763adbed71cccbdf83bb361ed3e3f98f1d87aeead79,d73888a2619c7761735f23c798536145dfa87f9306b5f21275eb4b1a7ba971b9
318,1cab64ef97453462bf132967e6285eb7e117f171d29b611227a3129252051553,f1155e99dad74d7e416fce39726a3673f8ec102c0580ed7fb8128c1b6f360116
315,hanquock.near,890814cd17d9e795d37bc754ada056f11b00e74286a570bc791d22bb42fad79d
314,7747991786f445efb658b69857eadc7a57b6b475beec26ed14da8bc35bb2b5b6,1cab64ef97453462bf132967e6285eb7e117f171d29b611227a3129252051553
310,a5fbaa703c682bebca0b45c06145da6d8006403a1f885a7f722ecedbadbea04f,7d5492d4c5527b98381f09bc2e2dc69f70b07e3031176de6faff3473de7287be
309,defb1234ae52486ea8238814a8a043ac815034f081fdb3d1b72929765a2d3078,5623c9fbb2f1b6b12ba775031dbf52fab977a8b466b64f153f3743069e13bb34
307,25ac765a1a87243f58051fc5f144d134bfb271f488bfa1245328fa3c61194dc6,601483a1b22699b636f1df800b9b709466eba4e1d5ce7c2e1e20317af8bbd1f3
302,7747991786f445efb658b69857eadc7a57b6b475beec26ed14da8bc35bb2b5b6,e9d2914b31a766694c8f9b7b6475f340a61527e8c729c73a962bcd301044ead3
301,8405e0bb3cce8d1fdc4369d4d00e28d33b1fe949f64ffb98f1b069c68879713f,7d5492d4c5527b98381f09bc2e2dc69f70b07e3031176de6faff3473de7287be
295,a5fbaa703c682bebca0b45c06145da6d8006403a1f885a7f722ecedbadbea04f,ed75d1ad8e5e069b42002db07c21fa9360c1e8becd4b47b8922d9c48a1f50405
281,7981ae28a8314f939c7b2d0cb4fca0cb0ea70e5c022b219425bc9c4d5723e8ce,3d1d23e38ea303475bfc8684be72352f1ab4d9f7208ff0f900eea8e63f75d33b
280,7747991786f445efb658b69857eadc7a57b6b475beec26ed14da8bc35bb2b5b6,4ef56d20d68263455c681ec1d8e2b4b4d42599d71bab4ea028654f5e4640d7bb
279,0d584a4cbbfd9a4878d816512894e65918e54fae13df39a6f520fc90caea2fb0,hanquock.near
278,kcfteam.near,m0on.near
274,8752a22f406da8a0ad662afaa3f9804804624c1f19e19b49955b6e9e8df55f58,5623c9fbb2f1b6b12ba775031dbf52fab977a8b466b64f153f3743069e13bb34
272,132f1d03351ed5adeb035746cd21470938db72f36dbaa7fdbe6871616aadb34e,7981ae28a8314f939c7b2d0cb4fca0cb0ea70e5c022b219425bc9c4d5723e8ce
269,hanquocb.near,ae0fbd85394565eca5da5741ca283d6ff4312278c36864be824bc4fa6a08a6de
263,c0ab8e4f800d65efe2354a9ae899b07b8cadd4e47858fe3a1b71d77222ccd6b7,7981ae28a8314f939c7b2d0cb4fca0cb0ea70e5c022b219425bc9c4d5723e8ce
262,hanquocj.near,e48a54a13d77a4619ce5e0cc7fd4a73f3c685abe39d10f7a62499d8823b7c27c
257,1aba8a848f2333d5aaac109156905ac42c133c6d34f70bef585c493e1c1de2f8,5623c9fbb2f1b6b12ba775031dbf52fab977a8b466b64f153f3743069e13bb34
246,e48a54a13d77a4619ce5e0cc7fd4a73f3c685abe39d10f7a62499d8823b7c27c,423df0a6640e9467769c55a573f15b9ee999dc8970048959c72890abf5cc3a8e
244,d73888a2619c7761735f23c798536145dfa87f9306b5f21275eb4b1a7ba971b9,3bc2513655b0da688f41a0ff71d4cabbd004d0439451eb8590a9b0033ebff2c4
244,a5fbaa703c682bebca0b45c06145da6d8006403a1f885a7f722ecedbadbea04f,16ee5ce741ccda5b7c2b270f9da1adb45e180af168254817df6c4a6e19730950
238,423df0a6640e9467769c55a573f15b9ee999dc8970048959c72890abf5cc3a8e,hungthinhhomes.near
234,76abfdf84f6d707de20a1ff9cdd49ae7f7ebf959d94ed018d29cdd6acff22c30,c608a3175d6c084737288154a69eee45e6f78301ad854e7c4d2933fa2ed54cca
232,7981ae28a8314f939c7b2d0cb4fca0cb0ea70e5c022b219425bc9c4d5723e8ce,15c9d722b15df7b7e058402937d56a1be7ce08134e83003049b9b3c31542e315
231,7747991786f445efb658b69857eadc7a57b6b475beec26ed14da8bc35bb2b5b6,fef72f5a3244094d54b0ca5032768ec87c535045fb2684d6aacc15d74ae328b4
230,b4500547b40815b2dbea27a8f234d187991c2be09cc08510106afc84a4c8f1c6,3c5e91023d50c5b3c0a36a193b05b557fc28b2f30839cbc279fad3fa6819fe9b
230,0d584a4cbbfd9a4878d816512894e65918e54fae13df39a6f520fc90caea2fb0,cungchi.near
229,7747991786f445efb658b69857eadc7a57b6b475beec26ed14da8bc35bb2b5b6,f28e34e3febf322b8832b763adbed71cccbdf83bb361ed3e3f98f1d87aeead79
220,8405e0bb3cce8d1fdc4369d4d00e28d33b1fe949f64ffb98f1b069c68879713f,157ed2f721588d5c012aee80d028c252d68149f54167b9522e08fb2dcee61096
218,liemcute.near,001b2381acf648f11a542dc3fdd2bbfa75a7c792aa1685080a8d14ae04edd8af
217,be2564f068e4e20fba1ead26e2e12b92e91c80d5355f01e5735fc5ef653f9952,nearcoldtree.near
211,423df0a6640e9467769c55a573f15b9ee999dc8970048959c72890abf5cc3a8e,hanquocj.near
210,3f4bd270b5b2c536d8c44ebc554a5debd5d3fcc5a183d5ba9429605bfaceaa84,7747991786f445efb658b69857eadc7a57b6b475beec26ed14da8bc35bb2b5b6
208,601483a1b22699b636f1df800b9b709466eba4e1d5ce7c2e1e20317af8bbd1f3,4ef56d20d68263455c681ec1d8e2b4b4d42599d71bab4ea028654f5e4640d7bb
207,7747991786f445efb658b69857eadc7a57b6b475beec26ed14da8bc35bb2b5b6,a2e8e77f2ff3384a2a843e62f7876b6241641e662d51a14c1be58b4aa67242c4
207,3bc2513655b0da688f41a0ff71d4cabbd004d0439451eb8590a9b0033ebff2c4,nearcoldtree.near
206,601483a1b22699b636f1df800b9b709466eba4e1d5ce7c2e1e20317af8bbd1f3,21f1c4eb24bc0346eaa5683c6706b0333b2461b7b64c7f55e84b37c546041dfa
202,a5fbaa703c682bebca0b45c06145da6d8006403a1f885a7f722ecedbadbea04f,7eee5392d8c77b279a329f168ff336b22911f02e850ab518d199c946667de01c
202,hungthinhhomes.near,047b665f281cb031dff75fe43b6bedae6711a40f4698aa0a98796daeb622808f
199,db183a08f3e34cee3fb45633620ec42e091100960fe2ce62d4df414a45b0baa2,fa0ea39baa71018b12843ac70a81c3185b1dff2b2b3a1ec5f511dcd4ecac4714
198,423df0a6640e9467769c55a573f15b9ee999dc8970048959c72890abf5cc3a8e,jreive.near
197,d73888a2619c7761735f23c798536145dfa87f9306b5f21275eb4b1a7ba971b9,a0f5af0783add1dce109adb841f4ca94abc9db719158b6c21119ad6db9ef6e0e
197,7747991786f445efb658b69857eadc7a57b6b475beec26ed14da8bc35bb2b5b6,132f1d03351ed5adeb035746cd21470938db72f36dbaa7fdbe6871616aadb34e
196,a0f5af0783add1dce109adb841f4ca94abc9db719158b6c21119ad6db9ef6e0e,nearcoldtree.near
195,c8d3ad8f8c5421ccf93682b77cf6751b07e06ce129156933418c57ca7e8c8df6,27c2b1c8e756df12cbd6927a6ff184bdd984abdf6515ac1b75965d864927a3c6
194,047b665f281cb031dff75fe43b6bedae6711a40f4698aa0a98796daeb622808f,423df0a6640e9467769c55a573f15b9ee999dc8970048959c72890abf5cc3a8e
192,76abfdf84f6d707de20a1ff9cdd49ae7f7ebf959d94ed018d29cdd6acff22c30,47dd1fcea6c673483d0478a5738e63eb734ac185d54e424611bb15c9e33c8294
192,75280380fb88acc78ab3f23288b9751e6b3c203ee337fbd7967b84715adbc901,7981ae28a8314f939c7b2d0cb4fca0cb0ea70e5c022b219425bc9c4d5723e8ce
190,7747991786f445efb658b69857eadc7a57b6b475beec26ed14da8bc35bb2b5b6,940f7be88406a2d1af2f547e56808c63757619e598fe9ecb8efa279cb828b942
190,5c33c6218d47e00ef229f60da78d0897e1ee9665312550b8afd5f9c7bc6957d2,a0982e7475e1670bf9f681a4ca3977f912f06bb9f811a5764a0321f97640876c
188,kcfteam.near,sfzero2.near
183,77bc3d6232b69e310f48851747706e356369aad86c413f01d15d6ec68552644b,5d2ea06eeb5772510e89a98ee82b10b58096288a1bae5b75e6ee9c5e336bfedd
181,coin919defi.near,556ce53910a3056f1d2ba0683b22af43d3efd738d73f9bbe3d9424ff8e44633f
181,a2e8e77f2ff3384a2a843e62f7876b6241641e662d51a14c1be58b4aa67242c4,d73888a2619c7761735f23c798536145dfa87f9306b5f21275eb4b1a7ba971b9
180,7dcf6e7bd1574c31e7bd67689bb909c109b8a48857185cbabd76562f2239769b,6853d0cddbf2ae8d3d5346b87c64e5011e0756c6adae6e43ffc884bff9bff9a4
179,7747991786f445efb658b69857eadc7a57b6b475beec26ed14da8bc35bb2b5b6,c0ab8e4f800d65efe2354a9ae899b07b8cadd4e47858fe3a1b71d77222ccd6b7
179,kcfteam.near,softmoney.near
178,7747991786f445efb658b69857eadc7a57b6b475beec26ed14da8bc35bb2b5b6,hanquocb.near
172,5623c9fbb2f1b6b12ba775031dbf52fab977a8b466b64f153f3743069e13bb34,f28e34e3febf322b8832b763adbed71cccbdf83bb361ed3e3f98f1d87aeead79
172,7981ae28a8314f939c7b2d0cb4fca0cb0ea70e5c022b219425bc9c4d5723e8ce,6b2e93ff6221dd70b65df108144b2b76a07e96f697acfbd5323a18eb300f2fa1
172,154d65c1b72a7c10c82c506c7d4a8e5636f9f52dd002ecc3f3478b1bd9145b91,7981ae28a8314f939c7b2d0cb4fca0cb0ea70e5c022b219425bc9c4d5723e8ce
172,7747991786f445efb658b69857eadc7a57b6b475beec26ed14da8bc35bb2b5b6,154d65c1b72a7c10c82c506c7d4a8e5636f9f52dd002ecc3f3478b1bd9145b91
171,2dcbc09fba0a08dc4359b2a043d3660c9af2ce641644f9a3b7c9a2f8e1967e9a,nearcoldtree.near
170,21f1c4eb24bc0346eaa5683c6706b0333b2461b7b64c7f55e84b37c546041dfa,16ee5ce741ccda5b7c2b270f9da1adb45e180af168254817df6c4a6e19730950
170,7747991786f445efb658b69857eadc7a57b6b475beec26ed14da8bc35bb2b5b6,8752a22f406da8a0ad662afaa3f9804804624c1f19e19b49955b6e9e8df55f58
168,5c33c6218d47e00ef229f60da78d0897e1ee9665312550b8afd5f9c7bc6957d2,1cab64ef97453462bf132967e6285eb7e117f171d29b611227a3129252051553
166,a5fbaa703c682bebca0b45c06145da6d8006403a1f885a7f722ecedbadbea04f,157ed2f721588d5c012aee80d028c252d68149f54167b9522e08fb2dcee61096
165,esraaker.near,meryemalmaz.near
165,7747991786f445efb658b69857eadc7a57b6b475beec26ed14da8bc35bb2b5b6,d62415bb7f04d44a1d3faebd6c3c0b01e27961303a0332e37dcc85a14eb03fbc
165,plastilin.near,zelenoglazka.near
162,collabwithatwist.near,snft.near
161,4ef56d20d68263455c681ec1d8e2b4b4d42599d71bab4ea028654f5e4640d7bb,16ee5ce741ccda5b7c2b270f9da1adb45e180af168254817df6c4a6e19730950
160,fanatgachi.near,zelenoglazka.near
157,jreive.near,fb90172bc115a08b276b4132388cfcc42b10678653422d73a56a1a55b382c628
156,7981ae28a8314f939c7b2d0cb4fca0cb0ea70e5c022b219425bc9c4d5723e8ce,e528c07cd09aafc1a4ddec91666ca798b6b8d273df69ab3184517c65bc875f6e
156,b653226b54d837bb88099c51cfef19a87ee4a346e356e23cdd51016d313a3944,d73888a2619c7761735f23c798536145dfa87f9306b5f21275eb4b1a7ba971b9
155,936314a91d7a9dda992e5c74955585b979efab6545d6e54e1191da03415289aa,nearcoldtree.near
155,murka2.near,zelenoglazka.near
154,bd241aa6506e2d474f67e1ea829d9569151f2a89115281393bd6e3f9ee5ba689,601483a1b22699b636f1df800b9b709466eba4e1d5ce7c2e1e20317af8bbd1f3
154,dave1280.near,c64a766b7e14288e58005386932c7ffb2c9b3906dbc0944fb89a9ccfaf50737e
154,7747991786f445efb658b69857eadc7a57b6b475beec26ed14da8bc35bb2b5b6,a0f5af0783add1dce109adb841f4ca94abc9db719158b6c21119ad6db9ef6e0e
153,meryemalmaz.near,esraaker.near
153,popit2.near,zelenoglazka.near
152,d73888a2619c7761735f23c798536145dfa87f9306b5f21275eb4b1a7ba971b9,1aba8a848f2333d5aaac109156905ac42c133c6d34f70bef585c493e1c1de2f8
151,kanna.crowdforces.near,dronik.near
150,fb6b510b99d88d0a63d6cb7d60c0fa9d1fbf122301c3b1e83bf3e634619ba8a9,1f80ebc9b7b2241958d20301a02210297d03153ff16715f5fa13daeedb04c827
150,talhakahraman.near,okancaptain.near
150,5c33c6218d47e00ef229f60da78d0897e1ee9665312550b8afd5f9c7bc6957d2,fef72f5a3244094d54b0ca5032768ec87c535045fb2684d6aacc15d74ae328b4
149,sl_krb.near,znkl_frvr.near
149,5c33c6218d47e00ef229f60da78d0897e1ee9665312550b8afd5f9c7bc6957d2,398645d7ea762cfd572c03dad4dcf7e88ee861faa363d87dd23fa215dc3031ad
147,7747991786f445efb658b69857eadc7a57b6b475beec26ed14da8bc35bb2b5b6,75280380fb88acc78ab3f23288b9751e6b3c203ee337fbd7967b84715adbc901
146,5c33c6218d47e00ef229f60da78d0897e1ee9665312550b8afd5f9c7bc6957d2,e9d2914b31a766694c8f9b7b6475f340a61527e8c729c73a962bcd301044ead3
146,b13db20ca2dc52ba9134ab3c3a122db4f39dbd55555e9e4ba744034363630d67,ccb91e1db61e8d7e1d4ae3e043001140132959a86ee35a548b6563a46284a6ea
145,d73888a2619c7761735f23c798536145dfa87f9306b5f21275eb4b1a7ba971b9,3492f6e7df3e722c7e7f8809b38ed833e2590118def3ba6c7bd13d9817f1d46c
144,3492f6e7df3e722c7e7f8809b38ed833e2590118def3ba6c7bd13d9817f1d46c,7981ae28a8314f939c7b2d0cb4fca0cb0ea70e5c022b219425bc9c4d5723e8ce
144,oflu.near,c65397b61bc712fd14d907eef069ed6a70a21aeba5a86325c1781819e2197516
143,d647be6806b3000006c36082c3ebec68869e781baea909ffd27c27f808f78338,5c33c6218d47e00ef229f60da78d0897e1ee9665312550b8afd5f9c7bc6957d2
143,c64a766b7e14288e58005386932c7ffb2c9b3906dbc0944fb89a9ccfaf50737e,5623c9fbb2f1b6b12ba775031dbf52fab977a8b466b64f153f3743069e13bb34
143,0d584a4cbbfd9a4878d816512894e65918e54fae13df39a6f520fc90caea2fb0,jreive.near
142,7747991786f445efb658b69857eadc7a57b6b475beec26ed14da8bc35bb2b5b6,7d192fb2788dea0410c8bfa0d5ba75f17bdb2c137d795c006b6808b8de218e34
140,7747991786f445efb658b69857eadc7a57b6b475beec26ed14da8bc35bb2b5b6,a0ec127db4aedc088acad1e4479a7fe7dd7a139711e8c924e1cac356532da05f
139,db63be8369054cd34afe6f637b1c823a2373c518f80b973ca0590037aca32587,ccb91e1db61e8d7e1d4ae3e043001140132959a86ee35a548b6563a46284a6ea
137,d647be6806b3000006c36082c3ebec68869e781baea909ffd27c27f808f78338,7747991786f445efb658b69857eadc7a57b6b475beec26ed14da8bc35bb2b5b6
136,fb90172bc115a08b276b4132388cfcc42b10678653422d73a56a1a55b382c628,423df0a6640e9467769c55a573f15b9ee999dc8970048959c72890abf5cc3a8e
136,1f80ebc9b7b2241958d20301a02210297d03153ff16715f5fa13daeedb04c827,5c33c6218d47e00ef229f60da78d0897e1ee9665312550b8afd5f9c7bc6957d2
135,7981ae28a8314f939c7b2d0cb4fca0cb0ea70e5c022b219425bc9c4d5723e8ce,686228fd4c36f754a3e4233d70d0c85c63f4cf1e488c290e08653eddf8057b0e
134,a5fbaa703c682bebca0b45c06145da6d8006403a1f885a7f722ecedbadbea04f,17589e29b94aff39e584f264bbb8c516219ee8d5315760d1c282ee6f76d1da56
133,27c2b1c8e756df12cbd6927a6ff184bdd984abdf6515ac1b75965d864927a3c6,5c33c6218d47e00ef229f60da78d0897e1ee9665312550b8afd5f9c7bc6957d2
133,7747991786f445efb658b69857eadc7a57b6b475beec26ed14da8bc35bb2b5b6,fcc460e95b1e2ec70b273cd2c5160a28892c6294ac7b392562d975bd4c7f97c5
132,5c33c6218d47e00ef229f60da78d0897e1ee9665312550b8afd5f9c7bc6957d2,950ef88df83d7ce4d9be3ff35a7c4b4c75687439ac2edc24b02b24cdbc73b5eb
131,d73888a2619c7761735f23c798536145dfa87f9306b5f21275eb4b1a7ba971b9,7450450b23b82479644b4084f8353e93b12e8b082a593b4176cd4a1b43265dbb
130,5c33c6218d47e00ef229f60da78d0897e1ee9665312550b8afd5f9c7bc6957d2,56462b94fe532317e1215f9f969a1a2d1eed4c6ec0067fd3b47ccb86704be566
130,cecc03aece7449aa34e7a264bdabfb46fed18d32dc3afe27ef7657001ca000e3,c8d3ad8f8c5421ccf93682b77cf6751b07e06ce129156933418c57ca7e8c8df6
129,5c33c6218d47e00ef229f60da78d0897e1ee9665312550b8afd5f9c7bc6957d2,hanquocb.near
128,907610eb9f867b6a839e847f2ed81aa9e66fbb57bd915a453ddf4df080904264,fb6b510b99d88d0a63d6cb7d60c0fa9d1fbf122301c3b1e83bf3e634619ba8a9
128,7747991786f445efb658b69857eadc7a57b6b475beec26ed14da8bc35bb2b5b6,3bc2513655b0da688f41a0ff71d4cabbd004d0439451eb8590a9b0033ebff2c4
128,ndh0206.near,98764fcf86a86c9ccf7c21260c7bf2c48d8387591c14925dab605eb3b37c4fea
128,601483a1b22699b636f1df800b9b709466eba4e1d5ce7c2e1e20317af8bbd1f3,f28e34e3febf322b8832b763adbed71cccbdf83bb361ed3e3f98f1d87aeead79
128,ea2ebaa0ded9d3646f029bc87f56b6d18ab076c8df96fdc719c4aef344fec7ad,36e140247f1c6ba343f071f8a4376298fe5af67c0c7bc1279d26c817575ca84e
127,1023.near,c399af446e5eafa9fcd84c42f6f7e7c1f866bf4c42af68cc979f3ce6483667da
126,619c8fec465332edfe03d39f5e4d5e6829cd4a0f188bfec4c85be0f806828e62,383e50ea1a754ed3acd0d59116f221add87adb82559f31ca6d377f058fe83375
126,0d584a4cbbfd9a4878d816512894e65918e54fae13df39a6f520fc90caea2fb0,maixuanvang.near
125,8fcf9e4e4f7a91880484877d7545d7f60d0d829dece72beee29c05766ba8b025,601483a1b22699b636f1df800b9b709466eba4e1d5ce7c2e1e20317af8bbd1f3
124,jordybnft.near,edcb5abe080ee5d65953a891f05a22d8f7b295ff3beae42115e133f29702acb4
124,936314a91d7a9dda992e5c74955585b979efab6545d6e54e1191da03415289aa,7d5492d4c5527b98381f09bc2e2dc69f70b07e3031176de6faff3473de7287be
124,7747991786f445efb658b69857eadc7a57b6b475beec26ed14da8bc35bb2b5b6,liemcute.near
124,f1155e99dad74d7e416fce39726a3673f8ec102c0580ed7fb8128c1b6f360116,5c33c6218d47e00ef229f60da78d0897e1ee9665312550b8afd5f9c7bc6957d2
123,kcfteam.near,monkee.near
122,d73888a2619c7761735f23c798536145dfa87f9306b5f21275eb4b1a7ba971b9,9813a911ffe7cc0152acce2a9483ab9c6710047fe80fdab2bfe177d1ecfef05a
122,2756b7dceb7b4bb26f1134314de93b7ebeba356a1d6a4195dba5c8c520c6b92a,183535cf4443018eba1834b44b3ec8ef19f91d1b527c820a6a2a95272fcbb40a
122,matfu.crowdforces.near,387275937
122,kcfteam.near,nearton-staking.near
121,0dfb23890ca1570e24a3994a14e55696416018f543e9d34fd43f4dbfaf0a061b,601483a1b22699b636f1df800b9b709466eba4e1d5ce7c2e1e20317af8bbd1f3
121,5c33c6218d47e00ef229f60da78d0897e1ee9665312550b8afd5f9c7bc6957d2,74cc7721e5eb569033462bcd89e526cc1f287cfb516737ce4f278d3ba7f7f17d
121,retitre.near,b6670d4a4335718eb659d4b29e81430423310f0dd2c2cfee189333f5b30a4307
119,bebrabebra.near,zelenoglazka.near
119,36e140247f1c6ba343f071f8a4376298fe5af67c0c7bc1279d26c817575ca84e,5623c9fbb2f1b6b12ba775031dbf52fab977a8b466b64f153f3743069e13bb34
119,70ddd7f7615cd786c44b7d10e321a1ea355b08297993d58a8720ad925fbddd0b,c8d3ad8f8c5421ccf93682b77cf6751b07e06ce129156933418c57ca7e8c8df6
119,7747991786f445efb658b69857eadc7a57b6b475beec26ed14da8bc35bb2b5b6,1aba8a848f2333d5aaac109156905ac42c133c6d34f70bef585c493e1c1de2f8
118,mengcheng.crowdforces.near,387275937
117,3c5e91023d50c5b3c0a36a193b05b557fc28b2f30839cbc279fad3fa6819fe9b,b4500547b40815b2dbea27a8f234d187991c2be09cc08510106afc84a4c8f1c6
117,5c33c6218d47e00ef229f60da78d0897e1ee9665312550b8afd5f9c7bc6957d2,a0f5af0783add1dce109adb841f4ca94abc9db719158b6c21119ad6db9ef6e0e
115,v_inori_v.crowdforces.near,787bfb914054bef84d13ee44d79ce306548855352611c6526d84b476ab095e3d
115,b6670d4a4335718eb659d4b29e81430423310f0dd2c2cfee189333f5b30a4307,601483a1b22699b636f1df800b9b709466eba4e1d5ce7c2e1e20317af8bbd1f3
114,5c33c6218d47e00ef229f60da78d0897e1ee9665312550b8afd5f9c7bc6957d2,8fcf9e4e4f7a91880484877d7545d7f60d0d829dece72beee29c05766ba8b025
114,edcb5abe080ee5d65953a891f05a22d8f7b295ff3beae42115e133f29702acb4,jordybnft.near
113,8405e0bb3cce8d1fdc4369d4d00e28d33b1fe949f64ffb98f1b069c68879713f,16ee5ce741ccda5b7c2b270f9da1adb45e180af168254817df6c4a6e19730950
111,joyoapp.near,snft.near
111,snft.near,joyo-gen-0.snft.near
111,7747991786f445efb658b69857eadc7a57b6b475beec26ed14da8bc35bb2b5b6,coin919defi.near
110,601483a1b22699b636f1df800b9b709466eba4e1d5ce7c2e1e20317af8bbd1f3,b653226b54d837bb88099c51cfef19a87ee4a346e356e23cdd51016d313a3944
110,d62415bb7f04d44a1d3faebd6c3c0b01e27961303a0332e37dcc85a14eb03fbc,nearcoldtree.near
110,harlos.crowdforces.near,inversion.near
110,423df0a6640e9467769c55a573f15b9ee999dc8970048959c72890abf5cc3a8e,hanquocz.near
109,7981ae28a8314f939c7b2d0cb4fca0cb0ea70e5c022b219425bc9c4d5723e8ce,47308db394bff292549973f5ac896a4f0c7bece21ef3f3eb14e1c77a3cc87dee
108,5c33c6218d47e00ef229f60da78d0897e1ee9665312550b8afd5f9c7bc6957d2,defb1234ae52486ea8238814a8a043ac815034f081fdb3d1b72929765a2d3078
107,8405e0bb3cce8d1fdc4369d4d00e28d33b1fe949f64ffb98f1b069c68879713f,ed75d1ad8e5e069b42002db07c21fa9360c1e8becd4b47b8922d9c48a1f50405
106,936314a91d7a9dda992e5c74955585b979efab6545d6e54e1191da03415289aa,ed75d1ad8e5e069b42002db07c21fa9360c1e8becd4b47b8922d9c48a1f50405
104,7747991786f445efb658b69857eadc7a57b6b475beec26ed14da8bc35bb2b5b6,85d6817f918283b7b4aefcecc7d9922ccbf2520ec6844089ce87ef0accd49b2c
103,czardas.near,0606a07cb2d8431f81d6cd2763c32948c2c794758c633a851e7c49fe945dc7f9
103,1aa3badca4cd996f9eb654590d15571e6eb29f6bec6cff8a50c1f61f3e4f6510,7981ae28a8314f939c7b2d0cb4fca0cb0ea70e5c022b219425bc9c4d5723e8ce
102,dubs.crowdforces.near,exynos.near
102,0700d09de8843e9777fa8c1b9516746fde24aa1e59de4c34f87f4d349d189fc7,d73888a2619c7761735f23c798536145dfa87f9306b5f21275eb4b1a7ba971b9
102,8405e0bb3cce8d1fdc4369d4d00e28d33b1fe949f64ffb98f1b069c68879713f,7eee5392d8c77b279a329f168ff336b22911f02e850ab518d199c946667de01c
102,5c33c6218d47e00ef229f60da78d0897e1ee9665312550b8afd5f9c7bc6957d2,ff8091bb4c051734a60940a7115dcb96033faeb373879f0e8ba12918f5e92a86
102,7747991786f445efb658b69857eadc7a57b6b475beec26ed14da8bc35bb2b5b6,vuhuytran04.near
101,d73888a2619c7761735f23c798536145dfa87f9306b5f21275eb4b1a7ba971b9,25ac765a1a87243f58051fc5f144d134bfb271f488bfa1245328fa3c61194dc6
101,24f481abe4538c1a045e1a4d1e2d3a9d4f2b5878959d47acdc9ca3e639502fa6,4f00515a12ffa01ab6963096c69bdd823da33231a7dda0d72315ebbf82a894dc
101,7747991786f445efb658b69857eadc7a57b6b475beec26ed14da8bc35bb2b5b6,b653226b54d837bb88099c51cfef19a87ee4a346e356e23cdd51016d313a3944
100,a0ec127db4aedc088acad1e4479a7fe7dd7a139711e8c924e1cac356532da05f,d73888a2619c7761735f23c798536145dfa87f9306b5f21275eb4b1a7ba971b9
100,5623c9fbb2f1b6b12ba775031dbf52fab977a8b466b64f153f3743069e13bb34,ad23d7a03c1ab1ad9bfc34ee11a582efce36992a2765b12eaba0efb2f3339bc8
99,jupyter.near,4471d31270c2134c8522c95aa5412f491f346291553b8e61b683db7102454eb0
99,c399af446e5eafa9fcd84c42f6f7e7c1f866bf4c42af68cc979f3ce6483667da,0d584a4cbbfd9a4878d816512894e65918e54fae13df39a6f520fc90caea2fb0
98,7747991786f445efb658b69857eadc7a57b6b475beec26ed14da8bc35bb2b5b6,1f6fe32ceb28ca05aad99baec80813749310caa52313753dd231a03e5d8fcba1
98,5d2ea06eeb5772510e89a98ee82b10b58096288a1bae5b75e6ee9c5e336bfedd,7d5492d4c5527b98381f09bc2e2dc69f70b07e3031176de6faff3473de7287be
98,7981ae28a8314f939c7b2d0cb4fca0cb0ea70e5c022b219425bc9c4d5723e8ce,c129dac22e3b190d9a3752efb87abc600b7d41d6774d1d4638459eeb5cb086aa
98,21f1c4eb24bc0346eaa5683c6706b0333b2461b7b64c7f55e84b37c546041dfa,e88b2b69ea1bee8c9b4a9fa433ea5fff0640d1fc42f74b298e656dd29314264a
97,maeveisbae.crowdforces.near,02cecc2388565e62fd378305904b0046ce260cf3cdda037012ab8b675c376cec
97,excalibur.near,909d80fbc326d1b1605841ed91869272762f67648c0e4c02b17d54229a08bc3b
97,ivvandm95.near,ivvandm100.near
96,e_lena.near,7a4e051dfb6af1a5d1b1f977fafbe053e04c996f62a1ffc57998ea24058e5b54
96,entin.crowdforces.near,backer.near
96,4ef56d20d68263455c681ec1d8e2b4b4d42599d71bab4ea028654f5e4640d7bb,7d5492d4c5527b98381f09bc2e2dc69f70b07e3031176de6faff3473de7287be
96,7747991786f445efb658b69857eadc7a57b6b475beec26ed14da8bc35bb2b5b6,f10559f3a6aec6924e45053501e5dc891f9ce906c045cb7f74c9438de21f7e9b
95,fcc460e95b1e2ec70b273cd2c5160a28892c6294ac7b392562d975bd4c7f97c5,nearcoldtree.near
94,6d28f02205ac1afce0ba50ecaabe5a9f73e304e15eb09308d326ba0ac3511540,7747991786f445efb658b69857eadc7a57b6b475beec26ed14da8bc35bb2b5b6
94,11741490eaa9a3724ddce38934eaf9b17dc0b0825a465036264b46b15c17eaec,601483a1b22699b636f1df800b9b709466eba4e1d5ce7c2e1e20317af8bbd1f3
94,1f6fe32ceb28ca05aad99baec80813749310caa52313753dd231a03e5d8fcba1,0d584a4cbbfd9a4878d816512894e65918e54fae13df39a6f520fc90caea2fb0
93,c129dac22e3b190d9a3752efb87abc600b7d41d6774d1d4638459eeb5cb086aa,d73888a2619c7761735f23c798536145dfa87f9306b5f21275eb4b1a7ba971b9
93,4ef56d20d68263455c681ec1d8e2b4b4d42599d71bab4ea028654f5e4640d7bb,e88b2b69ea1bee8c9b4a9fa433ea5fff0640d1fc42f74b298e656dd29314264a
93,fb6b510b99d88d0a63d6cb7d60c0fa9d1fbf122301c3b1e83bf3e634619ba8a9,e9d2914b31a766694c8f9b7b6475f340a61527e8c729c73a962bcd301044ead3
92,7d192fb2788dea0410c8bfa0d5ba75f17bdb2c137d795c006b6808b8de218e34,d73888a2619c7761735f23c798536145dfa87f9306b5f21275eb4b1a7ba971b9
92,1f80ebc9b7b2241958d20301a02210297d03153ff16715f5fa13daeedb04c827,7747991786f445efb658b69857eadc7a57b6b475beec26ed14da8bc35bb2b5b6
91,5d2ea06eeb5772510e89a98ee82b10b58096288a1bae5b75e6ee9c5e336bfedd,e88b2b69ea1bee8c9b4a9fa433ea5fff0640d1fc42f74b298e656dd29314264a
91,601483a1b22699b636f1df800b9b709466eba4e1d5ce7c2e1e20317af8bbd1f3,27c2b1c8e756df12cbd6927a6ff184bdd984abdf6515ac1b75965d864927a3c6
91,mclaren.crowdforces.near,ivvandm100.near
91,vladik.near,tekk.near
91,177bb663a042c786f0abf67e53c63cbec218c3d33908d9cfee1401fa8e8a0d54,7981ae28a8314f939c7b2d0cb4fca0cb0ea70e5c022b219425bc9c4d5723e8ce
91,owlgames.near,pym201818.near
90,5623c9fbb2f1b6b12ba775031dbf52fab977a8b466b64f153f3743069e13bb34,1f6fe32ceb28ca05aad99baec80813749310caa52313753dd231a03e5d8fcba1
90,d73888a2619c7761735f23c798536145dfa87f9306b5f21275eb4b1a7ba971b9,fcc460e95b1e2ec70b273cd2c5160a28892c6294ac7b392562d975bd4c7f97c5
90,d73888a2619c7761735f23c798536145dfa87f9306b5f21275eb4b1a7ba971b9,264e952638a425d60e0637367a49f57c07495c4427d8475b5fa0b1760011008b
90,d73888a2619c7761735f23c798536145dfa87f9306b5f21275eb4b1a7ba971b9,19e32e04b2f9dad31f0274ab5ea2f5b23578d60d7b607eee2e348c358812a6ae
89,eb8083679077740fb21cbc6bcd1e76bdf1fd4eb2e548cc2cfafd16207e899deb,d73888a2619c7761735f23c798536145dfa87f9306b5f21275eb4b1a7ba971b9
89,nothingbutgood.near,d9307511beaffd4029bab8a563bdb635f03cc4acc7c81745fcb273e8810e2185
89,21f1c4eb24bc0346eaa5683c6706b0333b2461b7b64c7f55e84b37c546041dfa,ed75d1ad8e5e069b42002db07c21fa9360c1e8becd4b47b8922d9c48a1f50405
89,5c33c6218d47e00ef229f60da78d0897e1ee9665312550b8afd5f9c7bc6957d2,c0ab8e4f800d65efe2354a9ae899b07b8cadd4e47858fe3a1b71d77222ccd6b7
88,936314a91d7a9dda992e5c74955585b979efab6545d6e54e1191da03415289aa,16ee5ce741ccda5b7c2b270f9da1adb45e180af168254817df6c4a6e19730950
88,f1030015d241ea8333b5ec6d3d0885725bbd0a5d9f49c8071528dfe7ed32c74c,423df0a6640e9467769c55a573f15b9ee999dc8970048959c72890abf5cc3a8e
88,kirillskrydj.near,155d3d5cbdc9b89a7bb3b1442294df037f7131e492cfae0e9fbcaf4004f05ccb
88,nearcrowd.near,app.nearcrowd.near
87,7747991786f445efb658b69857eadc7a57b6b475beec26ed14da8bc35bb2b5b6,25ac765a1a87243f58051fc5f144d134bfb271f488bfa1245328fa3c61194dc6
87,936314a91d7a9dda992e5c74955585b979efab6545d6e54e1191da03415289aa,157ed2f721588d5c012aee80d028c252d68149f54167b9522e08fb2dcee61096
87,601483a1b22699b636f1df800b9b709466eba4e1d5ce7c2e1e20317af8bbd1f3,1aba8a848f2333d5aaac109156905ac42c133c6d34f70bef585c493e1c1de2f8
87,dangerira.near,1cecd9742a8cea43709c2731e6dc6042981e9a76594fd010cb2e0ec366c54708
87,hanquocz.near,ad8d7e1a16783c1117679ccef1a37346eef2a1808e689e1fe47d9f1680b2a4b7
87,ccb91e1db61e8d7e1d4ae3e043001140132959a86ee35a548b6563a46284a6ea,orcmonk.near
87,547fc025e8444d87e56ad315b298ba938c1e6f69bff1c2e9808ac6789496c956,35bebbc4e0150899d2367b8a0115b8a40d5eb12d365d4eb61148c10fa05e1daa
87,6d28f02205ac1afce0ba50ecaabe5a9f73e304e15eb09308d326ba0ac3511540,5c33c6218d47e00ef229f60da78d0897e1ee9665312550b8afd5f9c7bc6957d2
87,witch3r.near,vetallya.near
86,fa0ea39baa71018b12843ac70a81c3185b1dff2b2b3a1ec5f511dcd4ecac4714,601483a1b22699b636f1df800b9b709466eba4e1d5ce7c2e1e20317af8bbd1f3
86,fankjfbahbfahj.near,beca65068dd10f526a22be994af2608ac206f37ee61441409acb53979d2c4416
86,picturess4.near,olivka.near
86,1b17865bf502989ce314f22ca3e77ffbad0cd7b8367799b7a9c54ff07669b3dd,ccom2.near
86,02cecc2388565e62fd378305904b0046ce260cf3cdda037012ab8b675c376cec,d73888a2619c7761735f23c798536145dfa87f9306b5f21275eb4b1a7ba971b9
86,fankjfbahbfahj.near,ab4284dd19993862ac2695658a401bfcf5011a40d99fd59e9cab8a47d9cd2958
85,treap_enjoyer.crowdforces.near,84e920fe93dc58c754e78fa06ed63860eead48594241e1afa51b4bafd82f5ff1
85,b563d1e4bfd7ed0dc003cf569fe2e7c30ed8b24e204b86b3e3ed769db6ba3923,d73888a2619c7761735f23c798536145dfa87f9306b5f21275eb4b1a7ba971b9
85,ttr_pwr.near,b2b2a094debfa2abc20200ff5b8976509245c4175575c648b625b18669ca3598
84,787dc1c5643cdf6d81c547a5004445bc0b7d543de0c6755a2cf2729b23be5144,5623c9fbb2f1b6b12ba775031dbf52fab977a8b466b64f153f3743069e13bb34
84,936314a91d7a9dda992e5c74955585b979efab6545d6e54e1191da03415289aa,17589e29b94aff39e584f264bbb8c516219ee8d5315760d1c282ee6f76d1da56
84,bbaee5d07df006d8ec5f108a2c41fae7d1fa9d87129c40d4fc95529c6217c94a,d73888a2619c7761735f23c798536145dfa87f9306b5f21275eb4b1a7ba971b9
83,lolnewacc.crowdforces.near,tfr.crowdforces.near
83,5c33c6218d47e00ef229f60da78d0897e1ee9665312550b8afd5f9c7bc6957d2,ed5f4506b32d45b6a74488acc58da1aa2ef8bd62dfb79cc0b731e481c74d63b3
83,softmilk.near,dyuba.near
82,retitre.near,f1030015d241ea8333b5ec6d3d0885725bbd0a5d9f49c8071528dfe7ed32c74c
82,423df0a6640e9467769c55a573f15b9ee999dc8970048959c72890abf5cc3a8e,thaison1.near
82,snft.near,1664-x-messyweekendtm.snft.near
82,kcfteam.near,bagman.near
82,ee0b8aa8c6a4ea2d3a66eb2341ae85cf7487d0ec5d72ac3bf7acfcb41c6c3edc,5623c9fbb2f1b6b12ba775031dbf52fab977a8b466b64f153f3743069e13bb34
82,bakamurmoney.near,backer.near
82,21f1c4eb24bc0346eaa5683c6706b0333b2461b7b64c7f55e84b37c546041dfa,7d5492d4c5527b98381f09bc2e2dc69f70b07e3031176de6faff3473de7287be
82,fdf7468d84187db6880f0dfac65c950257e27d36bcdb8d74c8b1c16f3bf5aef9,9ac270728d9baccd493940dc076150b8e42423d68803b1c811b66d4ce75f975e
81,uchastok.near,ralfusha.near
81,kcfteam.near,realdegenfaragu.near
80,85d6817f918283b7b4aefcecc7d9922ccbf2520ec6844089ce87ef0accd49b2c,5623c9fbb2f1b6b12ba775031dbf52fab977a8b466b64f153f3743069e13bb34
79,5c33c6218d47e00ef229f60da78d0897e1ee9665312550b8afd5f9c7bc6957d2,3bc2513655b0da688f41a0ff71d4cabbd004d0439451eb8590a9b0033ebff2c4
79,lies.crowdforces.near,787bfb914054bef84d13ee44d79ce306548855352611c6526d84b476ab095e3d
79,601483a1b22699b636f1df800b9b709466eba4e1d5ce7c2e1e20317af8bbd1f3,01ed558a07ef4e5543c884770d449cb87db99eda0d01c1f1aa9b6434c78edbf5
79,7747991786f445efb658b69857eadc7a57b6b475beec26ed14da8bc35bb2b5b6,528b2c33cfe869e3e22c0e98aee2548e73693f2117b0898660d8104499c394de
79,5c33c6218d47e00ef229f60da78d0897e1ee9665312550b8afd5f9c7bc6957d2,81bc0912c98f22d0a6c1227a6d09fcb98be6114659cf2cda15e87816d9176356
79,528b2c33cfe869e3e22c0e98aee2548e73693f2117b0898660d8104499c394de,5623c9fbb2f1b6b12ba775031dbf52fab977a8b466b64f153f3743069e13bb34
78,xayljq.crowdforces.near,02cecc2388565e62fd378305904b0046ce260cf3cdda037012ab8b675c376cec
78,perfectlife.near,newnearwork.near
78,4ef56d20d68263455c681ec1d8e2b4b4d42599d71bab4ea028654f5e4640d7bb,ed75d1ad8e5e069b42002db07c21fa9360c1e8becd4b47b8922d9c48a1f50405
77,936314a91d7a9dda992e5c74955585b979efab6545d6e54e1191da03415289aa,e88b2b69ea1bee8c9b4a9fa433ea5fff0640d1fc42f74b298e656dd29314264a
77,601483a1b22699b636f1df800b9b709466eba4e1d5ce7c2e1e20317af8bbd1f3,jupyter.near
77,a4a8f65631d56b4232bd1e0cc5644e7875a74c64ce3473e2e596589212c6171b,383e50ea1a754ed3acd0d59116f221add87adb82559f31ca6d377f058fe83375
76,frankbozar.crowdforces.near,xionix.near
76,ad8d7e1a16783c1117679ccef1a37346eef2a1808e689e1fe47d9f1680b2a4b7,423df0a6640e9467769c55a573f15b9ee999dc8970048959c72890abf5cc3a8e
76,dave1280.near,991f405e65743bb5cce1359e2bf4fb337baee7bce5e8ea2bc2efb79a50863a02
76,rubicman.crowdforces.near,imzacm.near
76,5c33c6218d47e00ef229f60da78d0897e1ee9665312550b8afd5f9c7bc6957d2,73788eca02962c2987aec73ee3d954c9f0e40f064f4ee98f1bf298393624e580
76,0d584a4cbbfd9a4878d816512894e65918e54fae13df39a6f520fc90caea2fb0,f28e34e3febf322b8832b763adbed71cccbdf83bb361ed3e3f98f1d87aeead79
76,bliznetc.crowdforces.near,79474b861b2315493f9553ae59f7f505476bcc7d8c1662f8cda5b7b4eabc4bdc
76,maks1mk_a.near,7ba25ddaed01c0df3888bbc0d5677a9243e76daf5591404c8dfa11d37fa5b9b3
76,7747991786f445efb658b69857eadc7a57b6b475beec26ed14da8bc35bb2b5b6,907610eb9f867b6a839e847f2ed81aa9e66fbb57bd915a453ddf4df080904264
75,5623c9fbb2f1b6b12ba775031dbf52fab977a8b466b64f153f3743069e13bb34,818c10dfd40ff6a54f92f7a1444e6089d225b20a7f6c173dd97c9cfc1f0f6cba
75,f1155e99dad74d7e416fce39726a3673f8ec102c0580ed7fb8128c1b6f360116,7747991786f445efb658b69857eadc7a57b6b475beec26ed14da8bc35bb2b5b6
75,1aab6cf25ade6f967b0e8efeb4b5447b20c7ac8242ca31d383ba4f2df6d9f828,5623c9fbb2f1b6b12ba775031dbf52fab977a8b466b64f153f3743069e13bb34
75,astem2.near,astem.near
74,21f1c4eb24bc0346eaa5683c6706b0333b2461b7b64c7f55e84b37c546041dfa,157ed2f721588d5c012aee80d028c252d68149f54167b9522e08fb2dcee61096
74,27c2b1c8e756df12cbd6927a6ff184bdd984abdf6515ac1b75965d864927a3c6,7747991786f445efb658b69857eadc7a57b6b475beec26ed14da8bc35bb2b5b6
74,4916524f605f83365552ecde90698e25b4b4b710bb426d5a6f5489527c51b172,ccom2.near
74,383e50ea1a754ed3acd0d59116f221add87adb82559f31ca6d377f058fe83375,27c2b1c8e756df12cbd6927a6ff184bdd984abdf6515ac1b75965d864927a3c6
73,touri5t.crowdforces.near,02cecc2388565e62fd378305904b0046ce260cf3cdda037012ab8b675c376cec
73,vonat1us.crowdforces.near,115bc345f4cc546cbe33b04c2eb2f7e0333c50ff0c19fe399dc44de5de76b327
73,kost_14.near,znkl_frvr.near
72,c8d3ad8f8c5421ccf93682b77cf6751b07e06ce129156933418c57ca7e8c8df6,8752a22f406da8a0ad662afaa3f9804804624c1f19e19b49955b6e9e8df55f58
72,f10559f3a6aec6924e45053501e5dc891f9ce906c045cb7f74c9438de21f7e9b,ed75d1ad8e5e069b42002db07c21fa9360c1e8becd4b47b8922d9c48a1f50405
72,b8de4f9f71ed0a97d4f5bed8f600a01eb397129a2e9ffc432176d3f8cb5509a9,dxdt.near
72,601483a1b22699b636f1df800b9b709466eba4e1d5ce7c2e1e20317af8bbd1f3,9dd4474b60ff6f141970ce16fba9af521097b1323591e8df73cc624f6a2ba669
72,kcfteam.near,dleer.near
72,vuhuytran04.near,abc9f9fea162b1d134ae065756aa0cec579b4d515706473989f078db7f599634
71,5c33c6218d47e00ef229f60da78d0897e1ee9665312550b8afd5f9c7bc6957d2,nguyenchanhduong1.near
71,orcmonk.near,b13db20ca2dc52ba9134ab3c3a122db4f39dbd55555e9e4ba744034363630d67
71,7747991786f445efb658b69857eadc7a57b6b475beec26ed14da8bc35bb2b5b6,ndh0206.near
71,f10559f3a6aec6924e45053501e5dc891f9ce906c045cb7f74c9438de21f7e9b,16ee5ce741ccda5b7c2b270f9da1adb45e180af168254817df6c4a6e19730950
71,plastilin.near,973fffbc3c1fcc82d1c89ba11c18de77fe3bf3f918db7b012aa0ed90db1d898a
71,alphahound.near,bbdc4fcc088cb3c2055096a5b82924ad48746823fd3185d6e09a93c16549a521
71,62198c0059b6543431fff69fb1063c5c27960c61ba039d12c7af14746ea5f2e5,7747991786f445efb658b69857eadc7a57b6b475beec26ed14da8bc35bb2b5b6
71,tekk.near,vladik.near
71,7f1eedd377f2c239b464baf7714ac1148ae41630fdadc1d80d559fbb6380be87,7747991786f445efb658b69857eadc7a57b6b475beec26ed14da8bc35bb2b5b6
71,explosion.crowdforces.near,tfr.crowdforces.near
70,5c33c6218d47e00ef229f60da78d0897e1ee9665312550b8afd5f9c7bc6957d2,ab3165c1e75090f143a96c5031f674a02ac2005c12d6c6d536d7f4fdd26a114f
70,mag999.near,1de32f24c7378c400781b07ccb096e70b1e3efbc6754ad8a5407bcf3d85185f9
70,gmusya.crowdforces.near,jmousja.near
70,bettyboops.near,94902c4984c683e49b55844b673f9072543575426089b60462ccf1375c16fa22
70,5623c9fbb2f1b6b12ba775031dbf52fab977a8b466b64f153f3743069e13bb34,619c8fec465332edfe03d39f5e4d5e6829cd4a0f188bfec4c85be0f806828e62
70,8405e0bb3cce8d1fdc4369d4d00e28d33b1fe949f64ffb98f1b069c68879713f,17589e29b94aff39e584f264bbb8c516219ee8d5315760d1c282ee6f76d1da56
70,7747991786f445efb658b69857eadc7a57b6b475beec26ed14da8bc35bb2b5b6,787dc1c5643cdf6d81c547a5004445bc0b7d543de0c6755a2cf2729b23be5144
69,7981ae28a8314f939c7b2d0cb4fca0cb0ea70e5c022b219425bc9c4d5723e8ce,maiek.near
69,5623c9fbb2f1b6b12ba775031dbf52fab977a8b466b64f153f3743069e13bb34,25ac765a1a87243f58051fc5f144d134bfb271f488bfa1245328fa3c61194dc6
69,ad23d7a03c1ab1ad9bfc34ee11a582efce36992a2765b12eaba0efb2f3339bc8,36e140247f1c6ba343f071f8a4376298fe5af67c0c7bc1279d26c817575ca84e
69,vovmr.crowdforces.near,79474b861b2315493f9553ae59f7f505476bcc7d8c1662f8cda5b7b4eabc4bdc
69,spiderpig.near,4d47f3cdda777641847cc024495e843f7b7b5e7f7b02f0ce94b78e3db9a22dd8
69,3f6b4b2f43348abf0d5fd6578046591d5f19dcccaef7c6667b9a53bd0bf61255,5c33c6218d47e00ef229f60da78d0897e1ee9665312550b8afd5f9c7bc6957d2
68,601483a1b22699b636f1df800b9b709466eba4e1d5ce7c2e1e20317af8bbd1f3,kirillskrydj.near
68,8a3f415837eb48d9977a29f313d3d443963b7d71b3eece051268f172e96ec954,0d584a4cbbfd9a4878d816512894e65918e54fae13df39a6f520fc90caea2fb0
68,happymikey.near,mikey42124.near
67,7747991786f445efb658b69857eadc7a57b6b475beec26ed14da8bc35bb2b5b6,bd241aa6506e2d474f67e1ea829d9569151f2a89115281393bd6e3f9ee5ba689
67,4471d31270c2134c8522c95aa5412f491f346291553b8e61b683db7102454eb0,601483a1b22699b636f1df800b9b709466eba4e1d5ce7c2e1e20317af8bbd1f3
67,0d584a4cbbfd9a4878d816512894e65918e54fae13df39a6f520fc90caea2fb0,c632af6ac6f09da0ef18afb9146d6fb6d7a61cb849abe00ae9044207d5d4b468
67,near_turkiye.near,okancaptain.near
67,talhakahraman.near,e13e355763451409834a1101586d6b80ab7b4eaeef3cb2840e028234a6247425
67,601483a1b22699b636f1df800b9b709466eba4e1d5ce7c2e1e20317af8bbd1f3,f10559f3a6aec6924e45053501e5dc891f9ce906c045cb7f74c9438de21f7e9b
66,5623c9fbb2f1b6b12ba775031dbf52fab977a8b466b64f153f3743069e13bb34,bd241aa6506e2d474f67e1ea829d9569151f2a89115281393bd6e3f9ee5ba689
66,roma98.near,archery.near
66,0d9d152bdd06f74e43af99196ef1f2f0321926be7f79e6d9f49e4f99bd023d42,601483a1b22699b636f1df800b9b709466eba4e1d5ce7c2e1e20317af8bbd1f3
66,62198c0059b6543431fff69fb1063c5c27960c61ba039d12c7af14746ea5f2e5,5c33c6218d47e00ef229f60da78d0897e1ee9665312550b8afd5f9c7bc6957d2
65,anton_pa3.near,metafarm.near
65,5c33c6218d47e00ef229f60da78d0897e1ee9665312550b8afd5f9c7bc6957d2,fcc460e95b1e2ec70b273cd2c5160a28892c6294ac7b392562d975bd4c7f97c5
65,0d584a4cbbfd9a4878d816512894e65918e54fae13df39a6f520fc90caea2fb0,moneymoneygomyhome.near
65,5c33c6218d47e00ef229f60da78d0897e1ee9665312550b8afd5f9c7bc6957d2,ac952c43717735e22e9ed1644d3f17300445d4174216f4c282009db35fd7db6d
65,nearnftz.near,69319a4d83f0a33a2fc5c04284c089d5eafb5a7e1abe955790da880655f47be5
65,5007c21eb43124dc6c0c67d9966e2dd1d99f9efda86eb72ea17d715209ad94ab,fb6b510b99d88d0a63d6cb7d60c0fa9d1fbf122301c3b1e83bf3e634619ba8a9
65,ciiku.near,e68e2e4f509ca5b7ff2743d5b9ee270f3d7af2a17134473ff23351064b61fe9f
65,lizavetkakhol.crowdforces.near,5accd4c7e8871ebd29ccd354f0860d37233a5d7d2cbfc65f56480574e22d22ac
65,124e72ce85e1222a04fcbdf2cfbeac21823168bad3e59574cb2fdfcd79e49aff,9ac270728d9baccd493940dc076150b8e42423d68803b1c811b66d4ce75f975e
65,fetkaarbuz.near,tortiktvoymat.near
64,vstrashko.near,6f3b6587771d0d7ccbf6dbd8da97a6e9c03ba664cc6ac2f58964e663079408cd
64,383e50ea1a754ed3acd0d59116f221add87adb82559f31ca6d377f058fe83375,8752a22f406da8a0ad662afaa3f9804804624c1f19e19b49955b6e9e8df55f58
64,pemagu92.near,infoecoo.near
64,marilyn69.near,kshipc.near
64,0a5145978ce8cc966539a60ee645d8fff23e38319543f8535d607091b517b81e,drcryptoshi.near
63,ayyotr1p0.near,97397d6deb9d1cd2073e99af972c22c843145e836779bafc126b029a4eb1ca87
63,sergeykush.crowdforces.near,biba-boba.near
63,iraaaaa.near,1cecd9742a8cea43709c2731e6dc6042981e9a76594fd010cb2e0ec366c54708
63,13cc69fb7bd279c7f14dc7b7d9299a5c2a29599603b87a6df2dca0a194fefb57,e1502f779824403a209f6cc3e658add35bf6bd966e16bea776b3cebbdd6a1b91
63,anna888.near,994fc8ab49394762953edd37a9ed15d02f1e7cbd3a2e2adf399c44eac82bb4d0
63,936314a91d7a9dda992e5c74955585b979efab6545d6e54e1191da03415289aa,7eee5392d8c77b279a329f168ff336b22911f02e850ab518d199c946667de01c
63,ivvandm95.near,ceb59e9b6ad694f55c82a3296a4d4df42d2ae979d3982ae2ce8ce485cc84a318
63,poseesor.near,nashalnike.near
62,ramd.near,marilyn69.near
62,7981ae28a8314f939c7b2d0cb4fca0cb0ea70e5c022b219425bc9c4d5723e8ce,b13ac9ed4752cec1bd4272f1167ee1402eb204677dac142dde02be0c0c8797eb
62,kcfteam.near,christinas.near
62,chengqian_li.crowdforces.near,xalva.near
62,qaws.near,004bec2d301eca2e9d995fea7d89e4ad6977825ea622540e13da3d0684992b6c
62,383e50ea1a754ed3acd0d59116f221add87adb82559f31ca6d377f058fe83375,3f6b4b2f43348abf0d5fd6578046591d5f19dcccaef7c6667b9a53bd0bf61255
62,ann_asian.near,ralfusha.near
62,c0634522f4994154b602a9e1f6377639649ac18224a4e4d142268b4654fb219f,5623c9fbb2f1b6b12ba775031dbf52fab977a8b466b64f153f3743069e13bb34
62,alinazhopa.near,19e0f3dc8c9db5c0409a628071da0bf5be50eef160b8ab3c80dea9cc8ad68213
62,ihavehir_m22.crowdforces.near,tyomartyom.near
62,af8bcaf229a52473ceecf6ea85bfa760a9119eec3f9cefd02d245b1aab8a2874,9ac270728d9baccd493940dc076150b8e42423d68803b1c811b66d4ce75f975e
61,amazinggrace.near,225e0db5c114159be74451a1473115a943ed527ff7126a7268640737f0acf09a
61,lelkok220.crowdforces.near,biba-boba.near
61,7981ae28a8314f939c7b2d0cb4fca0cb0ea70e5c022b219425bc9c4d5723e8ce,3d504617db25532857eaea922df033e370158c79ce10078f32d18c5615a79b4a
61,7747991786f445efb658b69857eadc7a57b6b475beec26ed14da8bc35bb2b5b6,ee0b8aa8c6a4ea2d3a66eb2341ae85cf7487d0ec5d72ac3bf7acfcb41c6c3edc
61,21f1c4eb24bc0346eaa5683c6706b0333b2461b7b64c7f55e84b37c546041dfa,7eee5392d8c77b279a329f168ff336b22911f02e850ab518d199c946667de01c
61,pipita.crowdforces.near,xionix.near
61,7747991786f445efb658b69857eadc7a57b6b475beec26ed14da8bc35bb2b5b6,177bb663a042c786f0abf67e53c63cbec218c3d33908d9cfee1401fa8e8a0d54
61,7747991786f445efb658b69857eadc7a57b6b475beec26ed14da8bc35bb2b5b6,0700d09de8843e9777fa8c1b9516746fde24aa1e59de4c34f87f4d349d189fc7
61,lapa3.near,paulinka.near
60,biba-boba.near,44f782ee7b7486ce8937864c75aba602eca147b4224b64b4034e5b5e022d7349
60,7eee5392d8c77b279a329f168ff336b22911f02e850ab518d199c946667de01c,6d28f02205ac1afce0ba50ecaabe5a9f73e304e15eb09308d326ba0ac3511540
60,e13e355763451409834a1101586d6b80ab7b4eaeef3cb2840e028234a6247425,near_turkiye.near
60,4ef56d20d68263455c681ec1d8e2b4b4d42599d71bab4ea028654f5e4640d7bb,7eee5392d8c77b279a329f168ff336b22911f02e850ab518d199c946667de01c
60,pard145.near,a3d682791af7b07db6218c04a2a9e79be050e1f7c952e3e3119ed7fe2e96994b
60,readers3.crowdforces.near,rgbvpn.near
60,7981ae28a8314f939c7b2d0cb4fca0cb0ea70e5c022b219425bc9c4d5723e8ce,1823a1cc4cbf773107b872ec7e2a6f8f1714b31869e988d5971880bb57a2ee82
60,murka2.near,pharmacolog.near
60,lelkok228.crowdforces.near,biba-boba.near
60,2dcbc09fba0a08dc4359b2a043d3660c9af2ce641644f9a3b7c9a2f8e1967e9a,17589e29b94aff39e584f264bbb8c516219ee8d5315760d1c282ee6f76d1da56
60,vlad2001.near,metafarm.near
60,c605e3213fc47cbfe8fc489db50c3835648c941f054a381d694b21085b6c37d2,d073aa0c668a327216ca6ff7bb1623f0829a073bc686768edd20517d402d029e
59,601483a1b22699b636f1df800b9b709466eba4e1d5ce7c2e1e20317af8bbd1f3,a2e8e77f2ff3384a2a843e62f7876b6241641e662d51a14c1be58b4aa67242c4
59,74cc7721e5eb569033462bcd89e526cc1f287cfb516737ce4f278d3ba7f7f17d,e88b2b69ea1bee8c9b4a9fa433ea5fff0640d1fc42f74b298e656dd29314264a
59,3d1d23e38ea303475bfc8684be72352f1ab4d9f7208ff0f900eea8e63f75d33b,5c33c6218d47e00ef229f60da78d0897e1ee9665312550b8afd5f9c7bc6957d2
59,mtm.near,730f9112acd03cf72d13cc061e2ba532c4f00f777b3b86ad31df694ca38303fd
59,5623c9fbb2f1b6b12ba775031dbf52fab977a8b466b64f153f3743069e13bb34,pelicanwaters.near
59,behrooz.crowdforces.near,5784fe3e3d50eb62748e4d84facc383710239b4454816fb9152cf9d2a4672303
59,7747991786f445efb658b69857eadc7a57b6b475beec26ed14da8bc35bb2b5b6,1aab6cf25ade6f967b0e8efeb4b5447b20c7ac8242ca31d383ba4f2df6d9f828
59,bbdc4fcc088cb3c2055096a5b82924ad48746823fd3185d6e09a93c16549a521,5623c9fbb2f1b6b12ba775031dbf52fab977a8b466b64f153f3743069e13bb34
59,popugai.near,maxysfray.near
59,vyshniak_ivan.crowdforces.near,5accd4c7e8871ebd29ccd354f0860d37233a5d7d2cbfc65f56480574e22d22ac
58,alerkillerpocket.near,b4fc9261d1c3ab5a31794135910b4a2997ae4955f88488c6eb2c4f0e3f129887
58,teleginate.near,mtelegin.near
58,tortiktvoymat.near,5c5bf982c6eb95ad65fa49ebe53efc09f1c50de8b6a37f2e9344080dcc4e10a6
58,vladik.near,3abed1e2e45329852299918fa41fb88b5d3cb3988794e540105c6a9eba6e057f
58,7f1eedd377f2c239b464baf7714ac1148ae41630fdadc1d80d559fbb6380be87,5c33c6218d47e00ef229f60da78d0897e1ee9665312550b8afd5f9c7bc6957d2
58,kheiron.near,mezonquark.near
58,f8413746a47b6405d4a78e79531f9e090d80139da962888349aad3a1812f1773,marilyn69.near
58,f767e4dbb495586abe1b25258d5a38a0122cf77a03a6d50d85943091ed8a619e,5623c9fbb2f1b6b12ba775031dbf52fab977a8b466b64f153f3743069e13bb34
58,7747991786f445efb658b69857eadc7a57b6b475beec26ed14da8bc35bb2b5b6,db63be8369054cd34afe6f637b1c823a2373c518f80b973ca0590037aca32587
58,alexande.near,3cacd9627a1eef61ae522495f575bf9cf2879395668aab1fb3309b89bf096289
58,fedak_aleksandra.crowdforces.near,dc687cb4b38818a235d6b837c870a1eb84f84fe82ed9aae0a978eccf58ec8d7b
58,5c33c6218d47e00ef229f60da78d0897e1ee9665312550b8afd5f9c7bc6957d2,132f1d03351ed5adeb035746cd21470938db72f36dbaa7fdbe6871616aadb34e
57,c1145841471df53649f321c4e8b293793e11b5f7e3827f69823abc0b81f28ef8,5623c9fbb2f1b6b12ba775031dbf52fab977a8b466b64f153f3743069e13bb34
57,faresissa.near,af8bcaf229a52473ceecf6ea85bfa760a9119eec3f9cefd02d245b1aab8a2874
57,gamicrab.crowdforces.near,taimas.near
57,bfc6eea0a5a6ddbe0630ad07e8e091b6647bbf4c85944f587131d0a206dbda69,ccb91e1db61e8d7e1d4ae3e043001140132959a86ee35a548b6563a46284a6ea
57,7747991786f445efb658b69857eadc7a57b6b475beec26ed14da8bc35bb2b5b6,be2564f068e4e20fba1ead26e2e12b92e91c80d5355f01e5735fc5ef653f9952
57,7747991786f445efb658b69857eadc7a57b6b475beec26ed14da8bc35bb2b5b6,bbaee5d07df006d8ec5f108a2c41fae7d1fa9d87129c40d4fc95529c6217c94a
57,telegins.near,mtelegin.near
57,userdie.near,e2958c83448edbf8de6f9ceeabb7aea0277524f3954848033da72c12fb9eacf1
57,innamak.near,76fd6f66380db1743b92c1ba8207724ffad2864857818d32ba8b520d37c8aef6
57,5623c9fbb2f1b6b12ba775031dbf52fab977a8b466b64f153f3743069e13bb34,7450450b23b82479644b4084f8353e93b12e8b082a593b4176cd4a1b43265dbb
57,6773ab0dd6c75d420c0f9393fe2112ec91a9843bda9bc84d3ba87fc4e40a747b,601483a1b22699b636f1df800b9b709466eba4e1d5ce7c2e1e20317af8bbd1f3
57,kto-tonomer3.crowdforces.near,verushka.near
57,shells.near,050b11d30cc383c3f170e887f8fb71316f0b01b2071d6322c1dc196d1250a579
57,0d584a4cbbfd9a4878d816512894e65918e54fae13df39a6f520fc90caea2fb0,nothingbutgood.near
57,ccb91e1db61e8d7e1d4ae3e043001140132959a86ee35a548b6563a46284a6ea,d10518390d2ebb58abf4d1f2a98b86989f0a7d09f020f966c6ff6ddc21708c41
57,423df0a6640e9467769c55a573f15b9ee999dc8970048959c72890abf5cc3a8e,koreanb.near
57,5c33c6218d47e00ef229f60da78d0897e1ee9665312550b8afd5f9c7bc6957d2,be2564f068e4e20fba1ead26e2e12b92e91c80d5355f01e5735fc5ef653f9952
57,2dcbc09fba0a08dc4359b2a043d3660c9af2ce641644f9a3b7c9a2f8e1967e9a,157ed2f721588d5c012aee80d028c252d68149f54167b9522e08fb2dcee61096
56,ildarovi4.near,iego.near
56,marilyn69.near,blowcujoh.near
56,paul_maly.crowdforces.near,ef4f1cf0465936cfe189f7e2d982d0ba0ed94440a7193d27456ff89b19090001
56,mint_nearlabs.near,cherryx3.near
56,ramd.near,kshipc.near
56,d73888a2619c7761735f23c798536145dfa87f9306b5f21275eb4b1a7ba971b9,f10559f3a6aec6924e45053501e5dc891f9ce906c045cb7f74c9438de21f7e9b
56,kcfteam.near,coinpapi.near
56,coin919001.near,695e739d3b71fa09fd3472ab4dd2c0a588162c917c6aa42ce9811cea3416ad08
56,ds_tskn.near,znkl_frvr.near
56,khvlada.near,85e9ddd1ab6a07afb33b83b0fec6803d1da929c06b618e92f6f090bcc541de89
56,greystory.near,natalia85.near
56,6b2e93ff6221dd70b65df108144b2b76a07e96f697acfbd5323a18eb300f2fa1,5c33c6218d47e00ef229f60da78d0897e1ee9665312550b8afd5f9c7bc6957d2
55,125978a247c24b6191f89316c8d1ff35ba511a44c94fc13eeefbb7f9b9a9a28b,7981ae28a8314f939c7b2d0cb4fca0cb0ea70e5c022b219425bc9c4d5723e8ce
55,samada.near,125978a247c24b6191f89316c8d1ff35ba511a44c94fc13eeefbb7f9b9a9a28b
55,unf1el.crowdforces.near,75cd5e7a157ea13a6dcde4cc89357ecdf895411c0f43ab562379e878691de781
55,c8d3ad8f8c5421ccf93682b77cf6751b07e06ce129156933418c57ca7e8c8df6,264e952638a425d60e0637367a49f57c07495c4427d8475b5fa0b1760011008b
55,pym201818.near,528684e792a784bc166a729a943d68938b977a298a747f6c4383b2f9eb68d669
55,granthul.near,vaslians.near
55,evgeniynear.near,tortiktvoymat.near
55,green_gold_dog.crowdforces.near,79474b861b2315493f9553ae59f7f505476bcc7d8c1662f8cda5b7b4eabc4bdc
55,7981ae28a8314f939c7b2d0cb4fca0cb0ea70e5c022b219425bc9c4d5723e8ce,356ab974f0285a2d13fc6c9b54058341f527c9fc3622d60047b877dc4dae4936
55,sonne.near,23141cd745594a44a869adc98ca85c20e0a174ef7724c93df7d7802936946194
55,7450450b23b82479644b4084f8353e93b12e8b082a593b4176cd4a1b43265dbb,7747991786f445efb658b69857eadc7a57b6b475beec26ed14da8bc35bb2b5b6
55,0e1544297a3198bef73bfb4a582e868a0b5f078056c550a75ef3ad4edccf1fc4,2ab4ee7d637c4a387dcd74f0ce475619456d7695609ac3b83990061016e2f23e
55,5c33c6218d47e00ef229f60da78d0897e1ee9665312550b8afd5f9c7bc6957d2,cd27508bf517d96c6d81edd64977a238ee9f1ecd56bf9a59b0670fe3c1db851c
55,dmga44.crowdforces.near,c0634522f4994154b602a9e1f6377639649ac18224a4e4d142268b4654fb219f
55,shedevr5.near,2ccfe5a7d022ebda38b3416d85926e682feb5130b0255106be62903e54c8f007
55,7747991786f445efb658b69857eadc7a57b6b475beec26ed14da8bc35bb2b5b6,1aa3badca4cd996f9eb654590d15571e6eb29f6bec6cff8a50c1f61f3e4f6510
55,356ab974f0285a2d13fc6c9b54058341f527c9fc3622d60047b877dc4dae4936,ts9k-mix.near
54,near_bobi.near,0a5064146d003af51635c24adbb8e933fe59e349f367f5b0f24b5eb72108234d
54,astem.near,f027b5e977f59270abbb688959463ea882a138f26c16426209a63d9e99f9a3d0
54,00fdb326eb3f1c53c365e38a09cacf8cb2828043e034e9f47f22a74a80fb14bd,ccb91e1db61e8d7e1d4ae3e043001140132959a86ee35a548b6563a46284a6ea
54,ab1967a39d7dd931ba9de1c9ac593c3f3ec07adff94be4c13a07dfa30de25115,c8d3ad8f8c5421ccf93682b77cf6751b07e06ce129156933418c57ca7e8c8df6
54,3f4bd270b5b2c536d8c44ebc554a5debd5d3fcc5a183d5ba9429605bfaceaa84,5c33c6218d47e00ef229f60da78d0897e1ee9665312550b8afd5f9c7bc6957d2
54,fattienay.near,e2958c83448edbf8de6f9ceeabb7aea0277524f3954848033da72c12fb9eacf1
54,7747991786f445efb658b69857eadc7a57b6b475beec26ed14da8bc35bb2b5b6,1d8af2279d2629fa2022613fa93722adda1115580c14aa5e96a9f916d10ca4d4
54,be2564f068e4e20fba1ead26e2e12b92e91c80d5355f01e5735fc5ef653f9952,16ee5ce741ccda5b7c2b270f9da1adb45e180af168254817df6c4a6e19730950
54,fetkanear.near,tortiktvoymat.near
54,ab00f43e4447865c899891136b87ee596184879b2450661154da8d35329bb4e4,nashalnike.near
54,nikekillers.crowdforces.near,copilka.near
54,61f8404b4344fbcdccc8e2ef5e4aa1a7cd81161e1d44d2fef65d11efa59b8dcd,19e0f3dc8c9db5c0409a628071da0bf5be50eef160b8ab3c80dea9cc8ad68213
54,ramd.near,blowcujoh.near
54,anton_pa.near,metafarm.near
54,c608e924277358da1ae27219f4a03d1d2e1f93525d4fcedffbc2d32c2ebc832c,7747991786f445efb658b69857eadc7a57b6b475beec26ed14da8bc35bb2b5b6
54,astem.near,lw_ck.near
54,azathoth.near,cthulhu.near
54,kcfteam.near,ishanbull.near
54,ccb91e1db61e8d7e1d4ae3e043001140132959a86ee35a548b6563a46284a6ea,00fdb326eb3f1c53c365e38a09cacf8cb2828043e034e9f47f22a74a80fb14bd
53,7eee5392d8c77b279a329f168ff336b22911f02e850ab518d199c946667de01c,62198c0059b6543431fff69fb1063c5c27960c61ba039d12c7af14746ea5f2e5
53,lorana.near,0df221957eca3d3976b052b495061c49d5baa04263d8a6baa69853b076a45005
53,marilyn69.near,kheiron.near
53,601483a1b22699b636f1df800b9b709466eba4e1d5ce7c2e1e20317af8bbd1f3,retitre.near
53,unf1el.crowdforces.near,erthking.near
53,spermspermo.near,vnrezanov.near
53,bleeffy4real.near,14caa4bab275e711a5a4abfe3cc8ca5b6f2f40b3b145a0bb911f0268351bd713
53,olenenok.near,19e0f3dc8c9db5c0409a628071da0bf5be50eef160b8ab3c80dea9cc8ad68213
53,c608e924277358da1ae27219f4a03d1d2e1f93525d4fcedffbc2d32c2ebc832c,5c33c6218d47e00ef229f60da78d0897e1ee9665312550b8afd5f9c7bc6957d2
53,basedboss.near,064b73e5d09489e8a0c59e5181e0eb8006608ae7ea3c8e4edeec17aca7c2d064
53,61837ba20badc93c63c63fe05e29ae3103f95ed47421c34ae354f28059d345c4,eb3c2bfd6bf357f433be30292d78b23f948ee75f63baca2cc5f56cff1751c294
53,rezanchik.near,73fb0e0ba2f8dec125bcd8d19498dac35d196e8b15efa3a42179a2d1f9f9c81f
53,d73888a2619c7761735f23c798536145dfa87f9306b5f21275eb4b1a7ba971b9,8a3f415837eb48d9977a29f313d3d443963b7d71b3eece051268f172e96ec954
53,d2363bc50303933a418f97ab3547f5619b86368b23e89dce66e85ca72441d6d3,d73888a2619c7761735f23c798536145dfa87f9306b5f21275eb4b1a7ba971b9
53,anton_par.near,metafarm.near
53,kcfteam.near,moneypit.near
53,kcfteam.near,jiljungjukmain.near
53,7747991786f445efb658b69857eadc7a57b6b475beec26ed14da8bc35bb2b5b6,547fc025e8444d87e56ad315b298ba938c1e6f69bff1c2e9808ac6789496c956
52,7747991786f445efb658b69857eadc7a57b6b475beec26ed14da8bc35bb2b5b6,24f481abe4538c1a045e1a4d1e2d3a9d4f2b5878959d47acdc9ca3e639502fa6
52,bitcoin3.near,d93aecf053aab6a34143a13ee4405022c94b4b133c4a2841f75a8332426cbb1c
52,5c33c6218d47e00ef229f60da78d0897e1ee9665312550b8afd5f9c7bc6957d2,f10559f3a6aec6924e45053501e5dc891f9ce906c045cb7f74c9438de21f7e9b
52,601483a1b22699b636f1df800b9b709466eba4e1d5ce7c2e1e20317af8bbd1f3,8752a22f406da8a0ad662afaa3f9804804624c1f19e19b49955b6e9e8df55f58
52,7747991786f445efb658b69857eadc7a57b6b475beec26ed14da8bc35bb2b5b6,pym201818.near
52,c8d3ad8f8c5421ccf93682b77cf6751b07e06ce129156933418c57ca7e8c8df6,bd241aa6506e2d474f67e1ea829d9569151f2a89115281393bd6e3f9ee5ba689
52,pipita.crowdforces.near,saveukraine.near
52,ccb91e1db61e8d7e1d4ae3e043001140132959a86ee35a548b6563a46284a6ea,a2b0e9482caa97bd1186ee975e32f140a3fa745bf9eee40ff06cd0398ee2eedb
52,innamak2.near,76fd6f66380db1743b92c1ba8207724ffad2864857818d32ba8b520d37c8aef6
52,afrasdfsdfsdfsdagfsdfz.near,b13db20ca2dc52ba9134ab3c3a122db4f39dbd55555e9e4ba744034363630d67
52,d73888a2619c7761735f23c798536145dfa87f9306b5f21275eb4b1a7ba971b9,d5f38e8c9df352f8e0934d00147d3a441d11857c54d50b721cd859f1cf191234
52,mip182.crowdforces.near,mip182.near
52,escobarindo.near,076b286316fc7abe3b317e0ff9de1a512ab383f8f81b312b8fff8ad91d4b0eb2
52,423df0a6640e9467769c55a573f15b9ee999dc8970048959c72890abf5cc3a8e,e0fcf73c0446479068a00d75463a045679a7b8ccdf7baf2a726f7f5d4f68af01
52,marilyn69.near,ce57a6ec8a0a5864237b83fbea27ed6d4c5f615014497beab4e23e99119c8e37
52,monogon.crowdforces.near,maksnevor.near
52,qsmcgogo.crowdforces.near,8eba950be95056069718851817ce69e5394107f1f0ae02e76a723caed1846ece
52,1_3_3_7.near,c3ee30b420a699ea29c8e6bad59ebfc14171101ace9a0b1ee1bee12174416f30
52,c8d3ad8f8c5421ccf93682b77cf6751b07e06ce129156933418c57ca7e8c8df6,9c124b9d49ac6e72b3e77e4c7265289b0784debd021c91513a109bbabc13882e
52,5c33c6218d47e00ef229f60da78d0897e1ee9665312550b8afd5f9c7bc6957d2,eb6d8310cd0cab52f7ddd517b4ab44b024bb89effeaecd8ce6e2af22a7d86575
52,601483a1b22699b636f1df800b9b709466eba4e1d5ce7c2e1e20317af8bbd1f3,7f1eedd377f2c239b464baf7714ac1148ae41630fdadc1d80d559fbb6380be87
52,3d1d23e38ea303475bfc8684be72352f1ab4d9f7208ff0f900eea8e63f75d33b,7747991786f445efb658b69857eadc7a57b6b475beec26ed14da8bc35bb2b5b6
51,7747991786f445efb658b69857eadc7a57b6b475beec26ed14da8bc35bb2b5b6,kamon.near
51,peakyblinders.near,rezanchik.near
51,subwaysurfers.near,rezanchik.near
51,combatcook.crowdforces.near,exynos.near
51,marilyn69.near,56dbe36ebb431adc907e63def2601a3f2994ccb88cecc516cf6f0934d5117dc7
51,okancaptain.near,esraaker.near
51,kitsune.crowdforces.near,linksex.near
50,rosario.near,e03714a7482704580e3b0676405d52d9aaea35723afe15fa607eb6138ecaa571
50,xay_m22.crowdforces.near,linksex.near
50,zuun7.crowdforces.near,xalva.near
50,1556a5d7d3aba2a1d9cbf90ce5d1417c8df81b8a9da7fd87a0acc2454311d041,bankaccount.near
50,d73888a2619c7761735f23c798536145dfa87f9306b5f21275eb4b1a7ba971b9,niumomo.near
50,nhqk27499.crowdforces.near,stopban.near
50,pootlongto11.near,fccd0d1359af83ef3734c2abe4aa774e542c7eac00d0703501c4421bdbea8fc7
50,mac_chiken.near,vetallya.near
50,666qwerty.crowdforces.near,xionix.near
50,jnkey.near,19e0f3dc8c9db5c0409a628071da0bf5be50eef160b8ab3c80dea9cc8ad68213
50,fanatgachi.near,maxysfray.near
50,7d5492d4c5527b98381f09bc2e2dc69f70b07e3031176de6faff3473de7287be,6d28f02205ac1afce0ba50ecaabe5a9f73e304e15eb09308d326ba0ac3511540
50,601483a1b22699b636f1df800b9b709466eba4e1d5ce7c2e1e20317af8bbd1f3,7450450b23b82479644b4084f8353e93b12e8b082a593b4176cd4a1b43265dbb
50,13cc69fb7bd279c7f14dc7b7d9299a5c2a29599603b87a6df2dca0a194fefb57,7ae92a7d88766cc5f3d6b8d5b553f3ff6e82570d5c9c49793db4998b6629c0c1
49,5c33c6218d47e00ef229f60da78d0897e1ee9665312550b8afd5f9c7bc6957d2,1aa3badca4cd996f9eb654590d15571e6eb29f6bec6cff8a50c1f61f3e4f6510
49,ae0fbd85394565eca5da5741ca283d6ff4312278c36864be824bc4fa6a08a6de,5c33c6218d47e00ef229f60da78d0897e1ee9665312550b8afd5f9c7bc6957d2
49,2dcbc09fba0a08dc4359b2a043d3660c9af2ce641644f9a3b7c9a2f8e1967e9a,7eee5392d8c77b279a329f168ff336b22911f02e850ab518d199c946667de01c
49,13cc69fb7bd279c7f14dc7b7d9299a5c2a29599603b87a6df2dca0a194fefb57,2ed80e589b277f194fa5885858d18529c083715316ed9e7fcb2965eb86692dbe
49,markoeth.near,b8f8cb71ef23146aabfef880a39f6d9f42dab1814aa185a32448de9c6139fc56
49,koreanb.near,b7010af08bc18a92691468502be85600d23e1d50771b8cc9239b03700ee8fe98
49,7747991786f445efb658b69857eadc7a57b6b475beec26ed14da8bc35bb2b5b6,7f807355ceddd014fceb6ac8fca908326a76c1bd2a2ae9330662697fca97edb5
49,157ed2f721588d5c012aee80d028c252d68149f54167b9522e08fb2dcee61096,6d28f02205ac1afce0ba50ecaabe5a9f73e304e15eb09308d326ba0ac3511540
49,ed75d1ad8e5e069b42002db07c21fa9360c1e8becd4b47b8922d9c48a1f50405,6d28f02205ac1afce0ba50ecaabe5a9f73e304e15eb09308d326ba0ac3511540
49,5623c9fbb2f1b6b12ba775031dbf52fab977a8b466b64f153f3743069e13bb34,65c32fc44a231da606bc473064547cde6c820e5435fce8174ea21484c6f203ee
49,ld_bd.near,dfa0941b8674be41d8ee775c5c0548ca3200924164313ee05dc272bf91d2b712
49,a0982e7475e1670bf9f681a4ca3977f912f06bb9f811a5764a0321f97640876c,7eee5392d8c77b279a329f168ff336b22911f02e850ab518d199c946667de01c
49,alex_sokols.crowdforces.near,xionix.near
49,5623c9fbb2f1b6b12ba775031dbf52fab977a8b466b64f153f3743069e13bb34,5da550c3dd5bcc96058de54c3d054ffe2ff519ad2ec31645d0e10c6f64714444
49,c8d3ad8f8c5421ccf93682b77cf6751b07e06ce129156933418c57ca7e8c8df6,archetern.near
49,ira_v.crowdforces.near,zara1234.crowdforces.near
49,booba1.near,geka.near
49,5623c9fbb2f1b6b12ba775031dbf52fab977a8b466b64f153f3743069e13bb34,65358d759e47ca533d22c49460e655952685d5b24943ec5dc1b99447f3f7b661
49,trukanduk.crowdforces.near,ceb59e9b6ad694f55c82a3296a4d4df42d2ae979d3982ae2ce8ce485cc84a318
49,shedevr6.near,2ccfe5a7d022ebda38b3416d85926e682feb5130b0255106be62903e54c8f007
49,lapa.near,paulinka.near
49,tmwoo.crowdforces.near,yakov.near
49,haqkux201.crowdforces.near,2c2a3cdfec7953ef93e9d2ae558ad1feac2216fc60868491861876cab49c6af6
48,siberian.crowdforces.near,furrowy_duck.near
48,lw_ck.near,224f07fb3f7c7c9c12d12e3f630e45c8bf61e01133997f25dd499f51864a086a
48,556ce53910a3056f1d2ba0683b22af43d3efd738d73f9bbe3d9424ff8e44633f,7747991786f445efb658b69857eadc7a57b6b475beec26ed14da8bc35bb2b5b6
48,601483a1b22699b636f1df800b9b709466eba4e1d5ce7c2e1e20317af8bbd1f3,74cc7721e5eb569033462bcd89e526cc1f287cfb516737ce4f278d3ba7f7f17d
48,max220405555.near,8eba950be95056069718851817ce69e5394107f1f0ae02e76a723caed1846ece
48,d73888a2619c7761735f23c798536145dfa87f9306b5f21275eb4b1a7ba971b9,9c124b9d49ac6e72b3e77e4c7265289b0784debd021c91513a109bbabc13882e
48,zsp.crowdforces.near,xionix.near
48,flyheck.crowdforces.near,fly_heck.near
48,onium.near,3b678cb44fb2bdc4f8b126d515abad882ed5def88c58a7673ab15bcd9b4afd2f
48,c3c7dc0bbbb7c0314daad7879a69ffdecd06a376351ac196a0ccb30c8352dfd2,d73888a2619c7761735f23c798536145dfa87f9306b5f21275eb4b1a7ba971b9
48,mip182.near,platina300.near
48,sheogorat.near,paulinka.near
48,55cbdbfd5f1f5906a65f6065090076ee9d87b0ade8ec7a237d8a41f9243b0c99,7747991786f445efb658b69857eadc7a57b6b475beec26ed14da8bc35bb2b5b6
48,vimmer.crowdforces.near,ca68c948f50bd9fb91b2e3de62cd0d7a9acd5c7883799035a0eeb4361f392b01
48,newairrf.near,3cacd9627a1eef61ae522495f575bf9cf2879395668aab1fb3309b89bf096289
48,423df0a6640e9467769c55a573f15b9ee999dc8970048959c72890abf5cc3a8e,trannen.near
47,baitem.near,e794948a62f79e72afa52c9a35c12b8072d1ae9a176938e05c0fa2277d72ee5e
47,fuctang.near,7a456f782adb755fdf06a82b9cd8de701b13fa47e0872dc96dac946779f71a38
47,shedevr3.near,2ccfe5a7d022ebda38b3416d85926e682feb5130b0255106be62903e54c8f007
47,5c33c6218d47e00ef229f60da78d0897e1ee9665312550b8afd5f9c7bc6957d2,79fbe80689c85b1f0a379ce20507cf793e826b6b0fa91d182da24380fe3d6554
47,940f7be88406a2d1af2f547e56808c63757619e598fe9ecb8efa279cb828b942,ed75d1ad8e5e069b42002db07c21fa9360c1e8becd4b47b8922d9c48a1f50405
47,abominate.near,ceb59e9b6ad694f55c82a3296a4d4df42d2ae979d3982ae2ce8ce485cc84a318
47,fed92832a57f37d58aba9ee6b7e5f2d957175322425c9af82fe95d8acc4aef52,furrowy_duck.near
47,alex_sokols.crowdforces.near,saveukraine.near
47,v_kitcat_v.crowdforces.near,den4ik.near
47,b7010af08bc18a92691468502be85600d23e1d50771b8cc9239b03700ee8fe98,423df0a6640e9467769c55a573f15b9ee999dc8970048959c72890abf5cc3a8e
47,ksyushapole.near,a32bd330884a721650dfa1622d69197cbc4fea93f00820cf51936c41209ae123
47,scriptonite.near,6f3b6587771d0d7ccbf6dbd8da97a6e9c03ba664cc6ac2f58964e663079408cd
47,c8d3ad8f8c5421ccf93682b77cf6751b07e06ce129156933418c57ca7e8c8df6,0dfb23890ca1570e24a3994a14e55696416018f543e9d34fd43f4dbfaf0a061b
47,ankurdua15_m22.crowdforces.near,imzacm.near
47,stariybog.near,stariyded.near
47,alex_sokols.crowdforces.near,kibton.near
47,ramd.near,kheiron.near
47,frankbozar.crowdforces.near,saveukraine.near
47,5623c9fbb2f1b6b12ba775031dbf52fab977a8b466b64f153f3743069e13bb34,2ade442e0c901ca06fbb04c7f80e7b21bfedddecb308355f8f22fb5381afcfc5
47,creepers.near,beline.near
47,dima10.near,ynwmelly.near
47,alex_sokols.crowdforces.near,508a338739d2821302a05f706593203cddc07da818ed9b497c37ed960d29ea96
47,21f1c4eb24bc0346eaa5683c6706b0333b2461b7b64c7f55e84b37c546041dfa,17589e29b94aff39e584f264bbb8c516219ee8d5315760d1c282ee6f76d1da56
47,lisapolyarush.near,03b2900a76d074b264ea248efd619e2114acca6f2ec7eccd812f9f148925ada2
46,mplust.near,tekk.near
46,5c33c6218d47e00ef229f60da78d0897e1ee9665312550b8afd5f9c7bc6957d2,21f1c4eb24bc0346eaa5683c6706b0333b2461b7b64c7f55e84b37c546041dfa
46,thehu.near,c497aa4e3c95a83c00ea824b421f47e2f6c8796efe61f9fc89a2b2ca2ac02d51
46,gulag.near,b4d4fbe8f1dc1099a495ed2bb457b3f6c4f348a3cc928849fca1c9bb9db74ace
46,susn1425.near,01a2a4fe6bd418e4c146e66778f522f61889ddedff7757ba5dbc1deef7b4c631
46,aliakseip.near,br1ge.near
46,thebestuser.near,2ccfe5a7d022ebda38b3416d85926e682feb5130b0255106be62903e54c8f007
46,fankjfbahbfahj.near,13ccca285a13b10a1bfa843407673e944dc508594f00c6efa8319dfc5416e874
46,5c33c6218d47e00ef229f60da78d0897e1ee9665312550b8afd5f9c7bc6957d2,75280380fb88acc78ab3f23288b9751e6b3c203ee337fbd7967b84715adbc901
46,pozhiloy_vityok.crowdforces.near,cafaf04d24cc5ebd11fdd14986e80a45ce4fe0140f9d05c67c265343cf593746
46,3f6b4b2f43348abf0d5fd6578046591d5f19dcccaef7c6667b9a53bd0bf61255,7747991786f445efb658b69857eadc7a57b6b475beec26ed14da8bc35bb2b5b6
46,f39f48835e6e9650768b86dbceec83501861a5145b13f4920cd1b136280ad9d5,759fa798eca0c5d936ae6add67ff1c5f26708b618bc32f019c487281039ad93a
46,33e8965eee42227f779c4620c1930c0d7b76e26f6bcd9cd256daead1b77c50ba,601483a1b22699b636f1df800b9b709466eba4e1d5ce7c2e1e20317af8bbd1f3
46,c8d3ad8f8c5421ccf93682b77cf6751b07e06ce129156933418c57ca7e8c8df6,1f6fe32ceb28ca05aad99baec80813749310caa52313753dd231a03e5d8fcba1
46,yourstory.near,0df221957eca3d3976b052b495061c49d5baa04263d8a6baa69853b076a45005
46,phys_mat_kch.crowdforces.near,ca56d1dcd8a0ab13a61701a7cfd1393880d911e6098d3cdf39ec4487a91a6e0e
46,alexspike.crowdforces.near,c48b4e6f05581477d6439f58d42e31efe4829abdcbb11bb8b511c9b8562cd9b2
46,666qwerty.crowdforces.near,kibton.near
46,be2564f068e4e20fba1ead26e2e12b92e91c80d5355f01e5735fc5ef653f9952,7d5492d4c5527b98381f09bc2e2dc69f70b07e3031176de6faff3473de7287be
46,6209d4f6d62fa507188c2a77132890188312960ab577cb19b40a7cc8a15368da,c8d3ad8f8c5421ccf93682b77cf6751b07e06ce129156933418c57ca7e8c8df6
46,bebrabebra.near,bitchinnyy.near
46,7747991786f445efb658b69857eadc7a57b6b475beec26ed14da8bc35bb2b5b6,74c40b39fc8483f5cc0977a6b0d05f2858cb318cae3ac7cfe60f7ea51b97f4e5
46,940f7be88406a2d1af2f547e56808c63757619e598fe9ecb8efa279cb828b942,157ed2f721588d5c012aee80d028c252d68149f54167b9522e08fb2dcee61096
46,5c33c6218d47e00ef229f60da78d0897e1ee9665312550b8afd5f9c7bc6957d2,61837ba20badc93c63c63fe05e29ae3103f95ed47421c34ae354f28059d345c4
46,5ostap.crowdforces.near,den4ik.near
46,shedevr4.near,2ccfe5a7d022ebda38b3416d85926e682feb5130b0255106be62903e54c8f007
45,munteanuvlad98.crowdforces.near,fankjfbahbfahj.near
45,74cc7721e5eb569033462bcd89e526cc1f287cfb516737ce4f278d3ba7f7f17d,7eee5392d8c77b279a329f168ff336b22911f02e850ab518d199c946667de01c
45,2d26f91e6fcbbe5aca65392302b8c4a79ed14bf94a565682172e543dd893e534,archery.near
45,kcfteam.near,peachynft.near
45,5623c9fbb2f1b6b12ba775031dbf52fab977a8b466b64f153f3743069e13bb34,nearnftz.near
45,kcfteam.near,crvenazvezda.near
45,kheiron.near,marilyn69.near
45,erthking.near,exynos.near
45,2dcbc09fba0a08dc4359b2a043d3660c9af2ce641644f9a3b7c9a2f8e1967e9a,7d5492d4c5527b98381f09bc2e2dc69f70b07e3031176de6faff3473de7287be
45,d3dba5f02b7f0c58e02ea5471ed153b1fc252acdb3827626cd0edb087f1cd634,d73888a2619c7761735f23c798536145dfa87f9306b5f21275eb4b1a7ba971b9
45,fb6b510b99d88d0a63d6cb7d60c0fa9d1fbf122301c3b1e83bf3e634619ba8a9,7dcf6e7bd1574c31e7bd67689bb909c109b8a48857185cbabd76562f2239769b
45,softmilk.near,0a4d689a58e92e881efa0318efcf2af5dc23151499dbef4ab5f42cdce2f73c44
45,kcfteam.near,nearballs.near
45,jultrb.near,jf1x.near
45,mezonquark.near,marilyn69.near
45,d73888a2619c7761735f23c798536145dfa87f9306b5f21275eb4b1a7ba971b9,21f1c4eb24bc0346eaa5683c6706b0333b2461b7b64c7f55e84b37c546041dfa
45,erthking.near,khasinmark.near
45,zsp.crowdforces.near,saveukraine.near
45,it_machine.crowdforces.near,kostet.near
45,7747991786f445efb658b69857eadc7a57b6b475beec26ed14da8bc35bb2b5b6,6773ab0dd6c75d420c0f9393fe2112ec91a9843bda9bc84d3ba87fc4e40a747b
45,d73888a2619c7761735f23c798536145dfa87f9306b5f21275eb4b1a7ba971b9,0dfb23890ca1570e24a3994a14e55696416018f543e9d34fd43f4dbfaf0a061b
45,611ec6e1528d981f7abe85f03229096d750eeb4cedb56796e9e12b793ecc7f96,d73888a2619c7761735f23c798536145dfa87f9306b5f21275eb4b1a7ba971b9
45,5c33c6218d47e00ef229f60da78d0897e1ee9665312550b8afd5f9c7bc6957d2,04ef8771b94f147d3b8069b7eabd50a81720f11ef76eaae8bdaa93989c988d2d
45,antongog.crowdforces.near,6aba0545896133351651af145df45d412ba1dbc5f21cc27abd50582064094aa2
45,5623c9fbb2f1b6b12ba775031dbf52fab977a8b466b64f153f3743069e13bb34,ea2ebaa0ded9d3646f029bc87f56b6d18ab076c8df96fdc719c4aef344fec7ad
45,39133f5779cd7268e6173e3001398c7540606c6f2ec0cfba6eb83231698854d1,5623c9fbb2f1b6b12ba775031dbf52fab977a8b466b64f153f3743069e13bb34
45,user_sergey_b.crowdforces.near,alvina88.near
45,beinglazy.crowdforces.near,xionix.near
45,69319a4d83f0a33a2fc5c04284c089d5eafb5a7e1abe955790da880655f47be5,5623c9fbb2f1b6b12ba775031dbf52fab977a8b466b64f153f3743069e13bb34
45,04ef8771b94f147d3b8069b7eabd50a81720f11ef76eaae8bdaa93989c988d2d,7981ae28a8314f939c7b2d0cb4fca0cb0ea70e5c022b219425bc9c4d5723e8ce
45,stariyded.near,d798f2b4cb90ddf59bb94ecc02aa9f23a4835696ce79238c2c71c51885472d51
44,a0f5af0783add1dce109adb841f4ca94abc9db719158b6c21119ad6db9ef6e0e,ed75d1ad8e5e069b42002db07c21fa9360c1e8becd4b47b8922d9c48a1f50405
44,d8ac2f5815eab6cd695267f8f5d50ae865863f84f557875667e79ee503e87248,zelenoglazka.near
44,0d584a4cbbfd9a4878d816512894e65918e54fae13df39a6f520fc90caea2fb0,3f6b4b2f43348abf0d5fd6578046591d5f19dcccaef7c6667b9a53bd0bf61255
44,d73888a2619c7761735f23c798536145dfa87f9306b5f21275eb4b1a7ba971b9,7f1eedd377f2c239b464baf7714ac1148ae41630fdadc1d80d559fbb6380be87
44,meganom.near,metafarm.near
44,anhpp.crowdforces.near,871763ba6007753b5ba5c690ad2d859e7337c9d2b1460ebc8f4175bac2a8bc2f
44,c77e33cc5d009799f53b8e0f7acdb89d095e307c58402c94b74f91008bc91c2c,c8d3ad8f8c5421ccf93682b77cf6751b07e06ce129156933418c57ca7e8c8df6
44,tuchik4kc.near,5625d2208e40e946929f48fc97de853f4ad67db553a4037dedd7ffd8927fbd9f
44,profit.near,iriska.near
44,9813a911ffe7cc0152acce2a9483ab9c6710047fe80fdab2bfe177d1ecfef05a,5c33c6218d47e00ef229f60da78d0897e1ee9665312550b8afd5f9c7bc6957d2
44,5623c9fbb2f1b6b12ba775031dbf52fab977a8b466b64f153f3743069e13bb34,jser_hapi.near
44,7747991786f445efb658b69857eadc7a57b6b475beec26ed14da8bc35bb2b5b6,mohdabbas.near
44,another_one.near,857b86e430db0c4b9efdabb9ae9116e37ae771da8c0a226b30735fca296773b3
44,kcfteam.near,tfdmx0.near
44,reedick.near,23141cd745594a44a869adc98ca85c20e0a174ef7724c93df7d7802936946194
44,5623c9fbb2f1b6b12ba775031dbf52fab977a8b466b64f153f3743069e13bb34,01ed558a07ef4e5543c884770d449cb87db99eda0d01c1f1aa9b6434c78edbf5
44,666qwerty.crowdforces.near,bef1634fea244cc642af86b194366b899753209044a4b70e313dd8bc7431d2ef
44,14020130063.crowdforces.near,xionix.near
44,withoutaggression.near,bab5b6cd0900360ce2179ba7f89d996272e187a86b7bfa88a2376b3f417a5085
44,7981ae28a8314f939c7b2d0cb4fca0cb0ea70e5c022b219425bc9c4d5723e8ce,37f8badcbc30f2b77c2f3b7c52e40d2e89a46440cae77c23b826be6fbf4775a6
43,marilyn69.near,ramd.near
43,c605e3213fc47cbfe8fc489db50c3835648c941f054a381d694b21085b6c37d2,gfi_freeskow.near
43,e0c2e2346893b3c57a1212ea9e151cc660a934e73fd9d85e16e2804837a258a5,225e0db5c114159be74451a1473115a943ed527ff7126a7268640737f0acf09a
43,danistone.near,8f44c4b044a3c4e41fde1a3ad05fdaf0e63767fb213ebc8a24984e158a2c1b8f
43,lankin.near,9c2e24a1d2f5ad7ed8c73939c0940364ddc9790739c4095e3e9844405cb67311
43,rakis.near,bundlr1.near
43,2dcbc09fba0a08dc4359b2a043d3660c9af2ce641644f9a3b7c9a2f8e1967e9a,16ee5ce741ccda5b7c2b270f9da1adb45e180af168254817df6c4a6e19730950
43,milhous.crowdforces.near,xionix.near
43,d3nd1.crowdforces.near,2c2a3cdfec7953ef93e9d2ae558ad1feac2216fc60868491861876cab49c6af6
43,c8d3ad8f8c5421ccf93682b77cf6751b07e06ce129156933418c57ca7e8c8df6,077271dc935de21061815e768879dd097fb5943df7150218a717ea6d93156411
43,7747991786f445efb658b69857eadc7a57b6b475beec26ed14da8bc35bb2b5b6,82534bcf6464a65874e1864ef9dbe95a36ffecf3540dc50c2cda84df014fc4de
43,bashem.crowdforces.near,2c1765a2779692a7d052f7469d97359d6de47f40d514dc140a0ea1b5c09b5da1
43,erikaprepon.near,b3699dd8476a91b703ad7f560437d6297c376ac2dee8dddaca118cbaf32e3a87
43,primetime.near,f492d1c61d8c046fc8f2591c9bf7060e1aae05596c2e88b91f0fb336fdc29c39
43,anton_pa1.near,metafarm.near
43,valeriak.near,beline.near
43,znakomiy.near,004bec2d301eca2e9d995fea7d89e4ad6977825ea622540e13da3d0684992b6c
43,1331f4255df5e10bea6b7dcab48954d874b6a28610270b26f6eeceabfa05e0f2,bankaccount.near
43,used_tobe.crowdforces.near,8f766d9a6bf6e1735b6202615598a19d2ff9b208f2889b98297b50a300d319e1
43,fx8320e.crowdforces.near,8eba950be95056069718851817ce69e5394107f1f0ae02e76a723caed1846ece
43,lesnikovigor.near,2534f1d822070b18f5071fb183a2b087ffe6d349b625ddfadd7d99ec1b89d902
43,ndhuy.crowdforces.near,sn0wyq.near
43,3baea0c6cba848ca78b48fef00c430f1323e261d4ee69fd4e505b2e29effcc43,601483a1b22699b636f1df800b9b709466eba4e1d5ce7c2e1e20317af8bbd1f3
43,7eee5392d8c77b279a329f168ff336b22911f02e850ab518d199c946667de01c,55cbdbfd5f1f5906a65f6065090076ee9d87b0ade8ec7a237d8a41f9243b0c99
43,krissog.near,050b11d30cc383c3f170e887f8fb71316f0b01b2071d6322c1dc196d1250a579
43,aymanriadsolh.crowdforces.near,quackable.near
43,germanij.crowdforces.near,den4ik.near
43,5623c9fbb2f1b6b12ba775031dbf52fab977a8b466b64f153f3743069e13bb34,3f6b4b2f43348abf0d5fd6578046591d5f19dcccaef7c6667b9a53bd0bf61255
43,a991e94eb21d63287029b978c47687ee1741dcc9017781a94aa0a9b0a8f7e034,7747991786f445efb658b69857eadc7a57b6b475beec26ed14da8bc35bb2b5b6
42,xeyic88203.crowdforces.near,unf1el.crowdforces.near
42,d73888a2619c7761735f23c798536145dfa87f9306b5f21275eb4b1a7ba971b9,55cbdbfd5f1f5906a65f6065090076ee9d87b0ade8ec7a237d8a41f9243b0c99
42,vikfil.crowdforces.near,irandatka.near
42,lokd.near,beline.near
42,7b91740ad0d481531a15f97e19e29c1393977a9f879e5945dfb990ec8cd347d8,453d17e76dfc2fe5016756d6b89dd7522d314b09383d45880b36843ee4840ee8
42,zvonimnepohuii.near,073e5123738da02d73787ffcbb4e224db03f41e2cc7b80c342e1ec4b183d2e58
42,lapa1.near,paulinka.near
42,a0f5af0783add1dce109adb841f4ca94abc9db719158b6c21119ad6db9ef6e0e,17589e29b94aff39e584f264bbb8c516219ee8d5315760d1c282ee6f76d1da56
42,7747991786f445efb658b69857eadc7a57b6b475beec26ed14da8bc35bb2b5b6,acb5bad02510bd35cb93eccd90c54629c523027402366b0b38442a9de3d02df8
42,7993809311543bd2c9f62dd7137b7bd5c7db3bb87bb74aa1cb3721d6cb4b6a68,1446b722eee1c9d69d62c8451cea7e20932d49fc1aee4244b1d208e883a26f32
42,86e6ebcc723106eee951c344825b91a80b46f42ff8b1f4bd366f2ac72fab99d1,d73888a2619c7761735f23c798536145dfa87f9306b5f21275eb4b1a7ba971b9
42,0a5145978ce8cc966539a60ee645d8fff23e38319543f8535d607091b517b81e,3647353800950302c93bc0b6708e7cb4e2de1f8fdfda4a57c4290c0f62fae943
42,rezanchik.near,61e7f730b99aa88f1ab4aed1dbf10981f260fab520e1fced097fb4cb8a6d5d4a
42,7747991786f445efb658b69857eadc7a57b6b475beec26ed14da8bc35bb2b5b6,619c8fec465332edfe03d39f5e4d5e6829cd4a0f188bfec4c85be0f806828e62
42,dimatimoshin23.crowdforces.near,ef4f1cf0465936cfe189f7e2d982d0ba0ed94440a7193d27456ff89b19090001
42,1023.near,46fdf68cc29db6be10d4dc9d8362860b502018fad6cd3ee7714e7375a58483cc
42,601483a1b22699b636f1df800b9b709466eba4e1d5ce7c2e1e20317af8bbd1f3,62198c0059b6543431fff69fb1063c5c27960c61ba039d12c7af14746ea5f2e5
42,f0m0.near,a991e94eb21d63287029b978c47687ee1741dcc9017781a94aa0a9b0a8f7e034
42,0a5145978ce8cc966539a60ee645d8fff23e38319543f8535d607091b517b81e,guesswhos.near
42,0a5145978ce8cc966539a60ee645d8fff23e38319543f8535d607091b517b81e,f28e34e3febf322b8832b763adbed71cccbdf83bb361ed3e3f98f1d87aeead79
42,softmilk.near,376de6ec8bdde86b32f0a747151849849507fa4a51ef1b35edcd0dbefdfb52a5
42,nikollet1.near,3b90935f0bafa4fbacaaa9eea72de34b12f4431cd58d365221b43b198675c6c5
42,andreyklimkin.crowdforces.near,aruter74.near
42,0d584a4cbbfd9a4878d816512894e65918e54fae13df39a6f520fc90caea2fb0,1aba8a848f2333d5aaac109156905ac42c133c6d34f70bef585c493e1c1de2f8
42,cthulhu.near,daadfb36d43514ccfa599e2033a57defee59ec81c820dff7b9bd14ae19b2b881
42,fankjfbahbfahj.near,36d830bf63dfd6f86cea13d0af836247d5ff95ec5c5771dcf01e5777e9bc7e9a
42,kuzan_aokiji.crowdforces.near,xionix.near
42,423df0a6640e9467769c55a573f15b9ee999dc8970048959c72890abf5cc3a8e,e48a54a13d77a4619ce5e0cc7fd4a73f3c685abe39d10f7a62499d8823b7c27c
42,ksusha_programmer.crowdforces.near,zara1234.crowdforces.near
42,kefaa2.crowdforces.near,stopfuture.near
42,3647353800950302c93bc0b6708e7cb4e2de1f8fdfda4a57c4290c0f62fae943,e580c4fe85c6c956ee3bfecc5007ceb525dd5339d0dc580b81ce939ac61298bb
42,andriis.near,857b86e430db0c4b9efdabb9ae9116e37ae771da8c0a226b30735fca296773b3
42,666qwerty.crowdforces.near,saveukraine.near
42,timkris.near,vnrezanov.near
42,pastafar.crowdforces.near,mogby.crowdforces.near
42,e0f01bb6164b092e0e66805a80ce2f17b8bbb36fdeafec50c53d2616ce37445e,40f434a896a0345c8c706073c165e9f30c3eb0e9c3e91e3842243088bdbfe2b5
41,14020130063.crowdforces.near,saveukraine.near
41,nonamenow.crowdforces.near,xionix.near
41,mishazuev.near,631c038a14942a43964f18d589cc52ad60a159f2114246d91e2e975cf84cbf56
41,kanna.crowdforces.near,a9d1be412f51c2ae2ba9c773132b1d4f4b32f97c7f84d1b1a99279838fc21695
41,hellelujah.crowdforces.near,copilka.near
41,a0982e7475e1670bf9f681a4ca3977f912f06bb9f811a5764a0321f97640876c,16ee5ce741ccda5b7c2b270f9da1adb45e180af168254817df6c4a6e19730950
41,nevgivin.crowdforces.near,dyuba.near
41,cmsholdings.near,ab1967a39d7dd931ba9de1c9ac593c3f3ec07adff94be4c13a07dfa30de25115
41,601483a1b22699b636f1df800b9b709466eba4e1d5ce7c2e1e20317af8bbd1f3,9c124b9d49ac6e72b3e77e4c7265289b0784debd021c91513a109bbabc13882e
41,5623c9fbb2f1b6b12ba775031dbf52fab977a8b466b64f153f3743069e13bb34,f0798727e55ae0c616296f890496c066af730bf63e10ddbb0fb8e4311e7216e3
41,0a5145978ce8cc966539a60ee645d8fff23e38319543f8535d607091b517b81e,1aba8a848f2333d5aaac109156905ac42c133c6d34f70bef585c493e1c1de2f8
41,jeffsatori.near,snft.near
41,jungyerin.crowdforces.near,vladimir_kazakov.near
41,varvar.near,beline.near
41,7747991786f445efb658b69857eadc7a57b6b475beec26ed14da8bc35bb2b5b6,b563d1e4bfd7ed0dc003cf569fe2e7c30ed8b24e204b86b3e3ed769db6ba3923
41,the_hawkeye.crowdforces.near,quackable.near
41,ratsa.crowdforces.near,erthking.near
41,423df0a6640e9467769c55a573f15b9ee999dc8970048959c72890abf5cc3a8e,59ba623035ac278f18a73dceb4c6be68ff35b29901418d8c07f0a9b8518cd8ad
41,beinglazy.crowdforces.near,saveukraine.near
41,peka.near,geka.near
41,2dcbc09fba0a08dc4359b2a043d3660c9af2ce641644f9a3b7c9a2f8e1967e9a,ed75d1ad8e5e069b42002db07c21fa9360c1e8becd4b47b8922d9c48a1f50405
41,theparas.near,d6ca94a3215a37ac6864ec78da086afc2662d2a0f428c805055e053f26e2a593
41,pizza.near,2e459a755de363619aa729a51f6fcb4c1940f274b959ec3d3d329895143b9dea
41,3bc2513655b0da688f41a0ff71d4cabbd004d0439451eb8590a9b0033ebff2c4,7d5492d4c5527b98381f09bc2e2dc69f70b07e3031176de6faff3473de7287be
41,7450450b23b82479644b4084f8353e93b12e8b082a593b4176cd4a1b43265dbb,5c33c6218d47e00ef229f60da78d0897e1ee9665312550b8afd5f9c7bc6957d2
41,a0f5af0783add1dce109adb841f4ca94abc9db719158b6c21119ad6db9ef6e0e,16ee5ce741ccda5b7c2b270f9da1adb45e180af168254817df6c4a6e19730950
41,8f44c4b044a3c4e41fde1a3ad05fdaf0e63767fb213ebc8a24984e158a2c1b8f,d6770decd40e04cc8581035c29ca5a9012a97f466cfec553a585fc457b542c15
41,b4d4fbe8f1dc1099a495ed2bb457b3f6c4f348a3cc928849fca1c9bb9db74ace,ccom2.near
41,6b2e93ff6221dd70b65df108144b2b76a07e96f697acfbd5323a18eb300f2fa1,7747991786f445efb658b69857eadc7a57b6b475beec26ed14da8bc35bb2b5b6
41,14020130063.crowdforces.near,kibton.near
41,sb2test.near,87d14a1ab31a791cdb2332a0b49d97e3de815cca48ce285aa4321f57bdf1d598
41,2c7bd53c044fc428a4b9672a45d9d3c6fa6331347b7d2bfe9ce1085d2d45bd11,383e50ea1a754ed3acd0d59116f221add87adb82559f31ca6d377f058fe83375
41,rezerv-11.near,beline.near
41,7747991786f445efb658b69857eadc7a57b6b475beec26ed14da8bc35bb2b5b6,f767e4dbb495586abe1b25258d5a38a0122cf77a03a6d50d85943091ed8a619e
41,tedi_2_0.crowdforces.near,tedi20.near
41,kcfteam.near,nearlynoob.near
40,601483a1b22699b636f1df800b9b709466eba4e1d5ce7c2e1e20317af8bbd1f3,cecc03aece7449aa34e7a264bdabfb46fed18d32dc3afe27ef7657001ca000e3
40,milhous.crowdforces.near,saveukraine.near
40,mac_chiken.near,danyaept.near
40,ekaterina.near,katka51.near
40,gamegame.crowdforces.near,2c2a3cdfec7953ef93e9d2ae558ad1feac2216fc60868491861876cab49c6af6
40,d6ca94a3215a37ac6864ec78da086afc2662d2a0f428c805055e053f26e2a593,9ac270728d9baccd493940dc076150b8e42423d68803b1c811b66d4ce75f975e
40,kto-tonomer3.crowdforces.near,danek.near
40,esraaker.near,okancaptain.near
40,19e32e04b2f9dad31f0274ab5ea2f5b23578d60d7b607eee2e348c358812a6ae,nearcoldtree.near
40,7747991786f445efb658b69857eadc7a57b6b475beec26ed14da8bc35bb2b5b6,d3dba5f02b7f0c58e02ea5471ed153b1fc252acdb3827626cd0edb087f1cd634
40,zhuza.near,44821b442853d43ce89f9348f8a86603aee083f9437566084daba417706f0ff5
40,ovcharov.near,409b956c68df1a2153abd753964270f2edd969ce689f64d2a01d46f76cbbbe4e
40,16ee5ce741ccda5b7c2b270f9da1adb45e180af168254817df6c4a6e19730950,eb8083679077740fb21cbc6bcd1e76bdf1fd4eb2e548cc2cfafd16207e899deb
40,denismadris.near,4a854bea53fab78b1978f6c8b9c445ac955e019c8857e33ec2bcd6eff4a4dc67
40,saulscotland19.near,db8c6234f8705f9dbc87001679826c87e99a15a465eacd70fed4d4e212473603
40,finn0507.near,d9130b0c7e26aa12c6d4af96247faf8e9121cfa4bfdfacd37a18e87cfaa2c6df
40,wsqa.near,004bec2d301eca2e9d995fea7d89e4ad6977825ea622540e13da3d0684992b6c
40,gofaster.near,2ccfe5a7d022ebda38b3416d85926e682feb5130b0255106be62903e54c8f007
40,max220405555.near,maxysfray.near
40,berkor.near,kshipc.near
40,yfud11.near,8de53680682d8027d1f4a095330cb41b7bfdb31030459dcf089da12b644eeb2c
40,viri_aldi.crowdforces.near,kvanta6.crowdforces.near
40,kadyrov.near,beline.near
40,abide.near,beline.near
40,4ef56d20d68263455c681ec1d8e2b4b4d42599d71bab4ea028654f5e4640d7bb,17589e29b94aff39e584f264bbb8c516219ee8d5315760d1c282ee6f76d1da56
40,896457263d0700342c916c4fcb13745905beba66f1a9be80405f7929a1fe61e0,bfc6eea0a5a6ddbe0630ad07e8e091b6647bbf4c85944f587131d0a206dbda69
40,7747991786f445efb658b69857eadc7a57b6b475beec26ed14da8bc35bb2b5b6,coin919001.near
40,kuzan_aokiji.crowdforces.near,saveukraine.near
40,astem1.near,224f07fb3f7c7c9c12d12e3f630e45c8bf61e01133997f25dd499f51864a086a
40,be2564f068e4e20fba1ead26e2e12b92e91c80d5355f01e5735fc5ef653f9952,157ed2f721588d5c012aee80d028c252d68149f54167b9522e08fb2dcee61096
40,601483a1b22699b636f1df800b9b709466eba4e1d5ce7c2e1e20317af8bbd1f3,a0ec127db4aedc088acad1e4479a7fe7dd7a139711e8c924e1cac356532da05f
40,a0f5af0783add1dce109adb841f4ca94abc9db719158b6c21119ad6db9ef6e0e,157ed2f721588d5c012aee80d028c252d68149f54167b9522e08fb2dcee61096
40,billgayts.near,d93aecf053aab6a34143a13ee4405022c94b4b133c4a2841f75a8332426cbb1c
40,5c33c6218d47e00ef229f60da78d0897e1ee9665312550b8afd5f9c7bc6957d2,4ef56d20d68263455c681ec1d8e2b4b4d42599d71bab4ea028654f5e4640d7bb
40,an2323.crowdforces.near,irandatka.near
40,kuzan_aokiji.crowdforces.near,kibton.near
40,rezerv-44.near,beline.near
39,ferzo4.crowdforces.near,copilka.near
39,nashalnike.near,56d6834d491557552785ee10a0f4896d6164ee43f1d23b8a9e99bd689ef23512
39,4ef56d20d68263455c681ec1d8e2b4b4d42599d71bab4ea028654f5e4640d7bb,157ed2f721588d5c012aee80d028c252d68149f54167b9522e08fb2dcee61096
39,fankjfbahbfahj.near,95fcb025e50298e8c4b266ecd025a6bf084db414557c11daa4d97fb3613f73ca
39,ddf8f5fed004845fc67caad82b04dba6fa20ed2560d61fa128bffb23a2e1c502,c8d3ad8f8c5421ccf93682b77cf6751b07e06ce129156933418c57ca7e8c8df6
39,fed92832a57f37d58aba9ee6b7e5f2d957175322425c9af82fe95d8acc4aef52,mostyniko.near
39,601483a1b22699b636f1df800b9b709466eba4e1d5ce7c2e1e20317af8bbd1f3,3f6b4b2f43348abf0d5fd6578046591d5f19dcccaef7c6667b9a53bd0bf61255
39,baukaman.crowdforces.near,ermakov22.crowdforces.near
39,valenta.near,beline.near
39,7747991786f445efb658b69857eadc7a57b6b475beec26ed14da8bc35bb2b5b6,1b912960cac1e9eb5af8c36d464a189f2ac49c0aee2c1e837a94ab76c878b602
39,marina88.near,8de53680682d8027d1f4a095330cb41b7bfdb31030459dcf089da12b644eeb2c
39,cutemia.near,730f9112acd03cf72d13cc061e2ba532c4f00f777b3b86ad31df694ca38303fd
39,36895f2db8f49f479e9c11c12febbf134e906ccf533354c896aa29d8d3548536,601483a1b22699b636f1df800b9b709466eba4e1d5ce7c2e1e20317af8bbd1f3
39,ralfusha.near,a909405fb21308efcdb783bdebe60e562b3dee930ed855f98f45b6a44c05651f
39,7981ae28a8314f939c7b2d0cb4fca0cb0ea70e5c022b219425bc9c4d5723e8ce,protocol9.near
39,rezerv-100.near,beline.near
39,flagt.near,beline.near
39,nataly_cod.crowdforces.near,8f766d9a6bf6e1735b6202615598a19d2ff9b208f2889b98297b50a300d319e1
39,76abfdf84f6d707de20a1ff9cdd49ae7f7ebf959d94ed018d29cdd6acff22c30,6f9ec9a1153d3e776b411690737533026b7ad8a6e735d0edd32e3d532f29d55e
39,55cbdbfd5f1f5906a65f6065090076ee9d87b0ade8ec7a237d8a41f9243b0c99,5c33c6218d47e00ef229f60da78d0897e1ee9665312550b8afd5f9c7bc6957d2
39,14020130063.crowdforces.near,b21d8fb1dbea66e67a45cf79ad106c2fdeeef84b14d963fce38ee487dcc07c8e
39,5c33c6218d47e00ef229f60da78d0897e1ee9665312550b8afd5f9c7bc6957d2,70ddd7f7615cd786c44b7d10e321a1ea355b08297993d58a8720ad925fbddd0b
39,withoutaggression.near,28d5d73495bce5673e54d884892ee34fcf768806e0520f74ff44692e7b4fff06
39,be2564f068e4e20fba1ead26e2e12b92e91c80d5355f01e5735fc5ef653f9952,ed75d1ad8e5e069b42002db07c21fa9360c1e8becd4b47b8922d9c48a1f50405
39,5623c9fbb2f1b6b12ba775031dbf52fab977a8b466b64f153f3743069e13bb34,d3dba5f02b7f0c58e02ea5471ed153b1fc252acdb3827626cd0edb087f1cd634
39,lilog.near,01a2a4fe6bd418e4c146e66778f522f61889ddedff7757ba5dbc1deef7b4c631
39,7747991786f445efb658b69857eadc7a57b6b475beec26ed14da8bc35bb2b5b6,cecc03aece7449aa34e7a264bdabfb46fed18d32dc3afe27ef7657001ca000e3
39,rezerv-19.near,beline.near
39,veronika999.near,1de32f24c7378c400781b07ccb096e70b1e3efbc6754ad8a5407bcf3d85185f9
39,sob1k2.near,28d5d73495bce5673e54d884892ee34fcf768806e0520f74ff44692e7b4fff06
39,redone.crowdforces.near,871763ba6007753b5ba5c690ad2d859e7337c9d2b1460ebc8f4175bac2a8bc2f
39,a3150e88b568852d662d20a18517bee01e18d141373ba4142d1cfb98734111e0,d73888a2619c7761735f23c798536145dfa87f9306b5f21275eb4b1a7ba971b9
39,7d5492d4c5527b98381f09bc2e2dc69f70b07e3031176de6faff3473de7287be,62198c0059b6543431fff69fb1063c5c27960c61ba039d12c7af14746ea5f2e5
39,kcfteam.near,cryptosazerac81-nanox.near
38,moneymoneygomyhome.near,f5250d8dddad535c297e59a0d14558a4c91ef54338d6495072fcc1fb0a4b27b0
38,ramd.near,mezonquark.near
38,hunghn.near,e8da3dde25eb9873f678f65bfd37c6c4c9e716689cda551f096123e28c1bfeff
38,chingretto.near,98351196711467c0e711e89c426d65a2b77fc7cab14f56a71a31df6bafc77fc2
38,5c33c6218d47e00ef229f60da78d0897e1ee9665312550b8afd5f9c7bc6957d2,d48d1e403771c4d961a41a980676d9162192bebf1120354c121a1559dc362674
38,vanek1234.near,ceb59e9b6ad694f55c82a3296a4d4df42d2ae979d3982ae2ce8ce485cc84a318
38,d73888a2619c7761735f23c798536145dfa87f9306b5f21275eb4b1a7ba971b9,4ef56d20d68263455c681ec1d8e2b4b4d42599d71bab4ea028654f5e4640d7bb
38,dyuba.near,eb40a815aab060cdcf5540685b1c0f4a7661b035aee28e751e0df865587da5cb
38,stopban.near,47d16eed6a2f0aa1881e7697e1dc7909857f235a13fb255f4ce70f91252ff15f
38,ira_kriachko.crowdforces.near,kvanta6.crowdforces.near
38,rezerv-22.near,beline.near
38,73d2dbf9ad4f3faba37263d3d8f6f48ba24a8a5877623ff6f7f1b18a2954d1ea,ccom2.near
38,rezerv-17.near,beline.near
38,17589e29b94aff39e584f264bbb8c516219ee8d5315760d1c282ee6f76d1da56,6d28f02205ac1afce0ba50ecaabe5a9f73e304e15eb09308d326ba0ac3511540
38,googler.near,beline.near
38,fankjfbahbfahj.near,alexdat2000.near
38,dilfuza.near,3cacd9627a1eef61ae522495f575bf9cf2879395668aab1fb3309b89bf096289
38,rabotaperm3.near,beline.near
38,play_erwan.crowdforces.near,39133f5779cd7268e6173e3001398c7540606c6f2ec0cfba6eb83231698854d1
38,santiag0.crowdforces.near,unf1el.crowdforces.near
38,d73888a2619c7761735f23c798536145dfa87f9306b5f21275eb4b1a7ba971b9,ea0d3b5d2cf81fb2b18cd9efeb535dbf8e5acc3ac8ad372b77e440f489d9af67
38,0a5145978ce8cc966539a60ee645d8fff23e38319543f8535d607091b517b81e,agentx.near
38,kuzan_aokiji.crowdforces.near,2d8a00e02c167e6f3afff567dca41b4e84c79c0ca95aca50b470c835ab5b8bec
38,akshatj07.crowdforces.near,sn0wyq.near
38,r0v.crowdforces.near,5cbadb62986e3b61226c3d51caa8e57db1612ed21ed2d25d849f636476b3057d
38,rezanchik.near,68e8abfbf31c8b1b8d1997166ff7e085828511c7f3d076e064e47289eae85174
38,nagi.crowdforces.near,fankjfbahbfahj.near
38,27ceb43bcab5b04dbe58866dc97ae51728083335cb403baa259b3c6438f3e61a,c8d3ad8f8c5421ccf93682b77cf6751b07e06ce129156933418c57ca7e8c8df6
38,bytepower.crowdforces.near,copilka.near
38,goodevil.near,050b11d30cc383c3f170e887f8fb71316f0b01b2071d6322c1dc196d1250a579
38,sidil.near,beline.near
38,dizhen.crowdforces.near,aruter74.near
38,antichernega.crowdforces.near,chelowek.near
38,rezerv-14.near,beline.near
38,rezerv-30.near,beline.near
38,rubicman.crowdforces.near,bebrulya.near
38,idontreallycare.near,dad314b1dffdd28f3bb96f378c8d98462cdc9b05aa9e02356b8c7fe95f42571d
38,ksu.near,ksuksu.near
38,82534bcf6464a65874e1864ef9dbe95a36ffecf3540dc50c2cda84df014fc4de,0d584a4cbbfd9a4878d816512894e65918e54fae13df39a6f520fc90caea2fb0
38,46fdf68cc29db6be10d4dc9d8362860b502018fad6cd3ee7714e7375a58483cc,d73888a2619c7761735f23c798536145dfa87f9306b5f21275eb4b1a7ba971b9
38,onepomegranateallsick.crowdforces.near,vlad21123.near
38,maximi.near,beline.near
38,nesvlad.near,3cacd9627a1eef61ae522495f575bf9cf2879395668aab1fb3309b89bf096289
38,sigmamale.crowdforces.near,fc0f3ea1f9c4dd7efe963664f7e8d4197cadb64503593bf4b44d19b384c16e36
37,be2564f068e4e20fba1ead26e2e12b92e91c80d5355f01e5735fc5ef653f9952,e88b2b69ea1bee8c9b4a9fa433ea5fff0640d1fc42f74b298e656dd29314264a
37,5623c9fbb2f1b6b12ba775031dbf52fab977a8b466b64f153f3743069e13bb34,70ddd7f7615cd786c44b7d10e321a1ea355b08297993d58a8720ad925fbddd0b
37,7747991786f445efb658b69857eadc7a57b6b475beec26ed14da8bc35bb2b5b6,078b034505cbe574033217b3e55453571017700ea63f7e37ab8d3a8991620c9e
37,5c33c6218d47e00ef229f60da78d0897e1ee9665312550b8afd5f9c7bc6957d2,547fc025e8444d87e56ad315b298ba938c1e6f69bff1c2e9808ac6789496c956
37,a0f5af0783add1dce109adb841f4ca94abc9db719158b6c21119ad6db9ef6e0e,7d5492d4c5527b98381f09bc2e2dc69f70b07e3031176de6faff3473de7287be
37,423df0a6640e9467769c55a573f15b9ee999dc8970048959c72890abf5cc3a8e,iitgo03.near
37,pipkabibka.near,beline.near
37,97f1cf666bd67dfad61973c7d07fbbeff0397d94df5223291a2624226c9b3f6a,bankaccount.near
37,0a5145978ce8cc966539a60ee645d8fff23e38319543f8535d607091b517b81e,7450450b23b82479644b4084f8353e93b12e8b082a593b4176cd4a1b43265dbb
37,e273f7f30d27b5d2d34d84bf6efd2a09c1e57b432d8911595c165904aa28c8ab,423df0a6640e9467769c55a573f15b9ee999dc8970048959c72890abf5cc3a8e
37,c8d3ad8f8c5421ccf93682b77cf6751b07e06ce129156933418c57ca7e8c8df6,bbaee5d07df006d8ec5f108a2c41fae7d1fa9d87129c40d4fc95529c6217c94a
37,thossaporn.near,kaewkaew99.near
37,bebrabebra.near,e185731af38d6c670c4e338d4b5ef8090afa89ded47dd3eb55c9ee3f18412eed
37,lazyman.near,96fd151ff67d7e52c380226ef0575819739573b172bbcd5e22daff72346398c9
37,111991757fa1d649870d44715a131b9c2e60b424d7b20d456d7c72c2acdf276d,383e50ea1a754ed3acd0d59116f221add87adb82559f31ca6d377f058fe83375
37,emrys1.near,224f07fb3f7c7c9c12d12e3f630e45c8bf61e01133997f25dd499f51864a086a
37,rabotaperm2.near,beline.near
37,d73888a2619c7761735f23c798536145dfa87f9306b5f21275eb4b1a7ba971b9,11741490eaa9a3724ddce38934eaf9b17dc0b0825a465036264b46b15c17eaec
37,ilg3.crowdforces.near,79474b861b2315493f9553ae59f7f505476bcc7d8c1662f8cda5b7b4eabc4bdc
37,kostyalohivaniatogeaevreytop.near,bossofthisgym.near
37,7981ae28a8314f939c7b2d0cb4fca0cb0ea70e5c022b219425bc9c4d5723e8ce,champmommam.near
37,7d5492d4c5527b98381f09bc2e2dc69f70b07e3031176de6faff3473de7287be,55cbdbfd5f1f5906a65f6065090076ee9d87b0ade8ec7a237d8a41f9243b0c99
37,7747991786f445efb658b69857eadc7a57b6b475beec26ed14da8bc35bb2b5b6,3058565973a1e4b6f2cdd918aa089b8b245742b9f29a2d97de81873ba9364178
37,mezonquark.near,kshipc.near
37,a0f5af0783add1dce109adb841f4ca94abc9db719158b6c21119ad6db9ef6e0e,7eee5392d8c77b279a329f168ff336b22911f02e850ab518d199c946667de01c
37,dfcf79e453dd3971e93f4d5a1acbd457435d7e99f8f1525bf584d215180df105,725d9d50d566a918aa07d01870e00848086955d103a3cebb99e2a69d7fda2138
37,kcfteam.near,zannerai.near
37,f51430fb9864b02e147d5dc2dcdb0b5b88d4b1ec9140998323658969b00d0447,f94f43b2bba9c6a4d02611df300fdc45800e1936cc3a63f4ff3e246624754b2b
37,renrub.near,queef-vault.near
37,perfectlife.near,primetime.near
37,01ed558a07ef4e5543c884770d449cb87db99eda0d01c1f1aa9b6434c78edbf5,7747991786f445efb658b69857eadc7a57b6b475beec26ed14da8bc35bb2b5b6
37,alenka1.near,0df221957eca3d3976b052b495061c49d5baa04263d8a6baa69853b076a45005
37,anton_pa2.near,metafarm.near
37,sud0.near,a991e94eb21d63287029b978c47687ee1741dcc9017781a94aa0a9b0a8f7e034
37,rezerv-20.near,beline.near
37,lekplay.near,beline.near
37,7747991786f445efb658b69857eadc7a57b6b475beec26ed14da8bc35bb2b5b6,sud0.near
37,beevaapaa.near,3cacd9627a1eef61ae522495f575bf9cf2879395668aab1fb3309b89bf096289
37,b4fc9261d1c3ab5a31794135910b4a2997ae4955f88488c6eb2c4f0e3f129887,d73888a2619c7761735f23c798536145dfa87f9306b5f21275eb4b1a7ba971b9
37,trump_constructs_china_m22.crowdforces.near,biba-boba.near
37,5623c9fbb2f1b6b12ba775031dbf52fab977a8b466b64f153f3743069e13bb34,8a3f415837eb48d9977a29f313d3d443963b7d71b3eece051268f172e96ec954
37,v_justme_v.crowdforces.near,ermakov22.crowdforces.near
37,mezonquark.near,kheiron.near
37,the_redarrow.crowdforces.near,aruter74.near
37,blad.near,aa750fb8533c9a8658eaef1e7ce498a26e7620fa5d0e0acc2ff8ae2f3418cc4a
37,423df0a6640e9467769c55a573f15b9ee999dc8970048959c72890abf5cc3a8e,e_tomi.near
37,codeducker.crowdforces.near,quackable.near
36,fcc460e95b1e2ec70b273cd2c5160a28892c6294ac7b392562d975bd4c7f97c5,e88b2b69ea1bee8c9b4a9fa433ea5fff0640d1fc42f74b298e656dd29314264a
36,tyer.near,826e08ffb413a3b9225a1aacc19e942c673bd6126d1c073266c5a4f437e46051
36,kcfteam.near,zztttttt.near
36,d73888a2619c7761735f23c798536145dfa87f9306b5f21275eb4b1a7ba971b9,0d9d152bdd06f74e43af99196ef1f2f0321926be7f79e6d9f49e4f99bd023d42
36,7747991786f445efb658b69857eadc7a57b6b475beec26ed14da8bc35bb2b5b6,86e6ebcc723106eee951c344825b91a80b46f42ff8b1f4bd366f2ac72fab99d1
36,rezerv-39.near,beline.near
36,7747991786f445efb658b69857eadc7a57b6b475beec26ed14da8bc35bb2b5b6,czardas.near
36,mamaeb.crowdforces.near,e6080f2a00295c9d85bd2a678bed9a6aeeee102f5bacd4a96c522e63a1742a51
36,elemy.near,evgeniy3009.near
36,vesna.near,beline.near
36,tanter.near,cashh.near
36,super1.near,beline.near
36,peepeepoopoocheck.crowdforces.near,yakov.near
36,kanna.crowdforces.near,drohne.near
36,537eac78cad302edea09e18e9d7c8a28d94757ad7b80634197d4bf85a43b5f62,abbbbq.near
36,nonamenow.crowdforces.near,saveukraine.near
36,rezerv-29.near,beline.near
36,rezerv-21.near,beline.near
36,leonardo_day-vinchik.near,metafarm.near
36,601483a1b22699b636f1df800b9b709466eba4e1d5ce7c2e1e20317af8bbd1f3,1f6fe32ceb28ca05aad99baec80813749310caa52313753dd231a03e5d8fcba1
36,7747991786f445efb658b69857eadc7a57b6b475beec26ed14da8bc35bb2b5b6,c3c7dc0bbbb7c0314daad7879a69ffdecd06a376351ac196a0ccb30c8352dfd2
36,mukim.crowdforces.near,quackable.near
36,5682368026671b30f35e0f0987bf17f2228c12611731c9b83c531e04a8300344,5623c9fbb2f1b6b12ba775031dbf52fab977a8b466b64f153f3743069e13bb34
36,601483a1b22699b636f1df800b9b709466eba4e1d5ce7c2e1e20317af8bbd1f3,8a3f415837eb48d9977a29f313d3d443963b7d71b3eece051268f172e96ec954
36,kcfteam.near,ares7.near
36,id_v.crowdforces.near,dendy123.near
36,74cc7721e5eb569033462bcd89e526cc1f287cfb516737ce4f278d3ba7f7f17d,17589e29b94aff39e584f264bbb8c516219ee8d5315760d1c282ee6f76d1da56
36,saborit.crowdforces.near,037d9037298f572fc539b810ab07f8c73bcaf152ed979f09b60bf375a85b3ccb
36,7747991786f445efb658b69857eadc7a57b6b475beec26ed14da8bc35bb2b5b6,8a3f415837eb48d9977a29f313d3d443963b7d71b3eece051268f172e96ec954
