Id,Label
0,001b2381acf648f11a542dc3fdd2bbfa75a7c792aa1685080a8d14ae04edd8af
1,004bec2d301eca2e9d995fea7d89e4ad6977825ea622540e13da3d0684992b6c
2,00fdb326eb3f1c53c365e38a09cacf8cb2828043e034e9f47f22a74a80fb14bd
3,01a2a4fe6bd418e4c146e66778f522f61889ddedff7757ba5dbc1deef7b4c631
4,01ed558a07ef4e5543c884770d449cb87db99eda0d01c1f1aa9b6434c78edbf5
5,02cecc2388565e62fd378305904b0046ce260cf3cdda037012ab8b675c376cec
6,037d9037298f572fc539b810ab07f8c73bcaf152ed979f09b60bf375a85b3ccb
7,03b2900a76d074b264ea248efd619e2114acca6f2ec7eccd812f9f148925ada2
8,047b665f281cb031dff75fe43b6bedae6711a40f4698aa0a98796daeb622808f
9,04ef8771b94f147d3b8069b7eabd50a81720f11ef76eaae8bdaa93989c988d2d
10,050b11d30cc383c3f170e887f8fb71316f0b01b2071d6322c1dc196d1250a579
11,0606a07cb2d8431f81d6cd2763c32948c2c794758c633a851e7c49fe945dc7f9
12,064b73e5d09489e8a0c59e5181e0eb8006608ae7ea3c8e4edeec17aca7c2d064
13,0700d09de8843e9777fa8c1b9516746fde24aa1e59de4c34f87f4d349d189fc7
14,073e5123738da02d73787ffcbb4e224db03f41e2cc7b80c342e1ec4b183d2e58
15,076b286316fc7abe3b317e0ff9de1a512ab383f8f81b312b8fff8ad91d4b0eb2
16,077271dc935de21061815e768879dd097fb5943df7150218a717ea6d93156411
17,078b034505cbe574033217b3e55453571017700ea63f7e37ab8d3a8991620c9e
18,0a4d689a58e92e881efa0318efcf2af5dc23151499dbef4ab5f42cdce2f73c44
19,0a5064146d003af51635c24adbb8e933fe59e349f367f5b0f24b5eb72108234d
20,0a5145978ce8cc966539a60ee645d8fff23e38319543f8535d607091b517b81e
21,0bedd44d70fa436b70c966b99a5e4d88befd14a2bd7e801151c1f8a65a79d8af
22,0d584a4cbbfd9a4878d816512894e65918e54fae13df39a6f520fc90caea2fb0
23,0d9d152bdd06f74e43af99196ef1f2f0321926be7f79e6d9f49e4f99bd023d42
24,0df221957eca3d3976b052b495061c49d5baa04263d8a6baa69853b076a45005
25,0dfb23890ca1570e24a3994a14e55696416018f543e9d34fd43f4dbfaf0a061b
26,0e1544297a3198bef73bfb4a582e868a0b5f078056c550a75ef3ad4edccf1fc4
27,1023.near
28,111991757fa1d649870d44715a131b9c2e60b424d7b20d456d7c72c2acdf276d
29,115bc345f4cc546cbe33b04c2eb2f7e0333c50ff0c19fe399dc44de5de76b327
30,11741490eaa9a3724ddce38934eaf9b17dc0b0825a465036264b46b15c17eaec
31,124e72ce85e1222a04fcbdf2cfbeac21823168bad3e59574cb2fdfcd79e49aff
32,125978a247c24b6191f89316c8d1ff35ba511a44c94fc13eeefbb7f9b9a9a28b
33,132f1d03351ed5adeb035746cd21470938db72f36dbaa7fdbe6871616aadb34e
34,1331f4255df5e10bea6b7dcab48954d874b6a28610270b26f6eeceabfa05e0f2
35,13cc69fb7bd279c7f14dc7b7d9299a5c2a29599603b87a6df2dca0a194fefb57
36,13ccca285a13b10a1bfa843407673e944dc508594f00c6efa8319dfc5416e874
37,14020130063.crowdforces.near
38,1446b722eee1c9d69d62c8451cea7e20932d49fc1aee4244b1d208e883a26f32
39,14caa4bab275e711a5a4abfe3cc8ca5b6f2f40b3b145a0bb911f0268351bd713
40,154d65c1b72a7c10c82c506c7d4a8e5636f9f52dd002ecc3f3478b1bd9145b91
41,1556a5d7d3aba2a1d9cbf90ce5d1417c8df81b8a9da7fd87a0acc2454311d041
42,155d3d5cbdc9b89a7bb3b1442294df037f7131e492cfae0e9fbcaf4004f05ccb
43,157ed2f721588d5c012aee80d028c252d68149f54167b9522e08fb2dcee61096
44,15c9d722b15df7b7e058402937d56a1be7ce08134e83003049b9b3c31542e315
45,1664-x-messyweekendtm.snft.near
46,16b1913f18631c59ec733b3c6c2ce118ec8c0c4ccf2f884eee9b19ef53f5452f
47,16ee5ce741ccda5b7c2b270f9da1adb45e180af168254817df6c4a6e19730950
48,17589e29b94aff39e584f264bbb8c516219ee8d5315760d1c282ee6f76d1da56
49,177bb663a042c786f0abf67e53c63cbec218c3d33908d9cfee1401fa8e8a0d54
50,1823a1cc4cbf773107b872ec7e2a6f8f1714b31869e988d5971880bb57a2ee82
51,183535cf4443018eba1834b44b3ec8ef19f91d1b527c820a6a2a95272fcbb40a
52,19e0f3dc8c9db5c0409a628071da0bf5be50eef160b8ab3c80dea9cc8ad68213
53,19e32e04b2f9dad31f0274ab5ea2f5b23578d60d7b607eee2e348c358812a6ae
54,1_3_3_7.near
55,1aa3badca4cd996f9eb654590d15571e6eb29f6bec6cff8a50c1f61f3e4f6510
56,1aab6cf25ade6f967b0e8efeb4b5447b20c7ac8242ca31d383ba4f2df6d9f828
57,1aba8a848f2333d5aaac109156905ac42c133c6d34f70bef585c493e1c1de2f8
58,1b17865bf502989ce314f22ca3e77ffbad0cd7b8367799b7a9c54ff07669b3dd
59,1b912960cac1e9eb5af8c36d464a189f2ac49c0aee2c1e837a94ab76c878b602
60,1cab64ef97453462bf132967e6285eb7e117f171d29b611227a3129252051553
61,1cecd9742a8cea43709c2731e6dc6042981e9a76594fd010cb2e0ec366c54708
62,1d8af2279d2629fa2022613fa93722adda1115580c14aa5e96a9f916d10ca4d4
63,1de32f24c7378c400781b07ccb096e70b1e3efbc6754ad8a5407bcf3d85185f9
64,1f6fe32ceb28ca05aad99baec80813749310caa52313753dd231a03e5d8fcba1
65,1f80ebc9b7b2241958d20301a02210297d03153ff16715f5fa13daeedb04c827
66,21f1c4eb24bc0346eaa5683c6706b0333b2461b7b64c7f55e84b37c546041dfa
67,224f07fb3f7c7c9c12d12e3f630e45c8bf61e01133997f25dd499f51864a086a
68,225e0db5c114159be74451a1473115a943ed527ff7126a7268640737f0acf09a
69,23141cd745594a44a869adc98ca85c20e0a174ef7724c93df7d7802936946194
70,24f481abe4538c1a045e1a4d1e2d3a9d4f2b5878959d47acdc9ca3e639502fa6
71,2534f1d822070b18f5071fb183a2b087ffe6d349b625ddfadd7d99ec1b89d902
72,25ac765a1a87243f58051fc5f144d134bfb271f488bfa1245328fa3c61194dc6
73,264e952638a425d60e0637367a49f57c07495c4427d8475b5fa0b1760011008b
74,2756b7dceb7b4bb26f1134314de93b7ebeba356a1d6a4195dba5c8c520c6b92a
75,27c2b1c8e756df12cbd6927a6ff184bdd984abdf6515ac1b75965d864927a3c6
76,27ceb43bcab5b04dbe58866dc97ae51728083335cb403baa259b3c6438f3e61a
77,28d5d73495bce5673e54d884892ee34fcf768806e0520f74ff44692e7b4fff06
78,2ab4ee7d637c4a387dcd74f0ce475619456d7695609ac3b83990061016e2f23e
79,2ade442e0c901ca06fbb04c7f80e7b21bfedddecb308355f8f22fb5381afcfc5
80,2c1765a2779692a7d052f7469d97359d6de47f40d514dc140a0ea1b5c09b5da1
81,2c2a3cdfec7953ef93e9d2ae558ad1feac2216fc60868491861876cab49c6af6
82,2c7bd53c044fc428a4b9672a45d9d3c6fa6331347b7d2bfe9ce1085d2d45bd11
83,2ccfe5a7d022ebda38b3416d85926e682feb5130b0255106be62903e54c8f007
84,2d26f91e6fcbbe5aca65392302b8c4a79ed14bf94a565682172e543dd893e534
85,2d8a00e02c167e6f3afff567dca41b4e84c79c0ca95aca50b470c835ab5b8bec
86,2dcbc09fba0a08dc4359b2a043d3660c9af2ce641644f9a3b7c9a2f8e1967e9a
87,2e459a755de363619aa729a51f6fcb4c1940f274b959ec3d3d329895143b9dea
88,2ed80e589b277f194fa5885858d18529c083715316ed9e7fcb2965eb86692dbe
89,3058565973a1e4b6f2cdd918aa089b8b245742b9f29a2d97de81873ba9364178
90,33e8965eee42227f779c4620c1930c0d7b76e26f6bcd9cd256daead1b77c50ba
91,3492f6e7df3e722c7e7f8809b38ed833e2590118def3ba6c7bd13d9817f1d46c
92,356ab974f0285a2d13fc6c9b54058341f527c9fc3622d60047b877dc4dae4936
93,35bebbc4e0150899d2367b8a0115b8a40d5eb12d365d4eb61148c10fa05e1daa
94,3647353800950302c93bc0b6708e7cb4e2de1f8fdfda4a57c4290c0f62fae943
95,36895f2db8f49f479e9c11c12febbf134e906ccf533354c896aa29d8d3548536
96,36d830bf63dfd6f86cea13d0af836247d5ff95ec5c5771dcf01e5777e9bc7e9a
97,36e140247f1c6ba343f071f8a4376298fe5af67c0c7bc1279d26c817575ca84e
98,376de6ec8bdde86b32f0a747151849849507fa4a51ef1b35edcd0dbefdfb52a5
99,37f8badcbc30f2b77c2f3b7c52e40d2e89a46440cae77c23b826be6fbf4775a6
100,383e50ea1a754ed3acd0d59116f221add87adb82559f31ca6d377f058fe83375
101,387275937
102,39133f5779cd7268e6173e3001398c7540606c6f2ec0cfba6eb83231698854d1
103,398645d7ea762cfd572c03dad4dcf7e88ee861faa363d87dd23fa215dc3031ad
104,3abed1e2e45329852299918fa41fb88b5d3cb3988794e540105c6a9eba6e057f
105,3b678cb44fb2bdc4f8b126d515abad882ed5def88c58a7673ab15bcd9b4afd2f
106,3b90935f0bafa4fbacaaa9eea72de34b12f4431cd58d365221b43b198675c6c5
107,3baea0c6cba848ca78b48fef00c430f1323e261d4ee69fd4e505b2e29effcc43
108,3bc2513655b0da688f41a0ff71d4cabbd004d0439451eb8590a9b0033ebff2c4
109,3c5e91023d50c5b3c0a36a193b05b557fc28b2f30839cbc279fad3fa6819fe9b
110,3cacd9627a1eef61ae522495f575bf9cf2879395668aab1fb3309b89bf096289
111,3d1d23e38ea303475bfc8684be72352f1ab4d9f7208ff0f900eea8e63f75d33b
112,3d504617db25532857eaea922df033e370158c79ce10078f32d18c5615a79b4a
113,3f4bd270b5b2c536d8c44ebc554a5debd5d3fcc5a183d5ba9429605bfaceaa84
114,3f6b4b2f43348abf0d5fd6578046591d5f19dcccaef7c6667b9a53bd0bf61255
115,409b956c68df1a2153abd753964270f2edd969ce689f64d2a01d46f76cbbbe4e
116,40f434a896a0345c8c706073c165e9f30c3eb0e9c3e91e3842243088bdbfe2b5
117,423df0a6640e9467769c55a573f15b9ee999dc8970048959c72890abf5cc3a8e
118,4471d31270c2134c8522c95aa5412f491f346291553b8e61b683db7102454eb0
119,44821b442853d43ce89f9348f8a86603aee083f9437566084daba417706f0ff5
120,44f782ee7b7486ce8937864c75aba602eca147b4224b64b4034e5b5e022d7349
121,453d17e76dfc2fe5016756d6b89dd7522d314b09383d45880b36843ee4840ee8
122,46fdf68cc29db6be10d4dc9d8362860b502018fad6cd3ee7714e7375a58483cc
123,47308db394bff292549973f5ac896a4f0c7bece21ef3f3eb14e1c77a3cc87dee
124,47d16eed6a2f0aa1881e7697e1dc7909857f235a13fb255f4ce70f91252ff15f
125,47dd1fcea6c673483d0478a5738e63eb734ac185d54e424611bb15c9e33c8294
126,4916524f605f83365552ecde90698e25b4b4b710bb426d5a6f5489527c51b172
127,4a854bea53fab78b1978f6c8b9c445ac955e019c8857e33ec2bcd6eff4a4dc67
128,4d47f3cdda777641847cc024495e843f7b7b5e7f7b02f0ce94b78e3db9a22dd8
129,4ef56d20d68263455c681ec1d8e2b4b4d42599d71bab4ea028654f5e4640d7bb
130,4f00515a12ffa01ab6963096c69bdd823da33231a7dda0d72315ebbf82a894dc
131,5007c21eb43124dc6c0c67d9966e2dd1d99f9efda86eb72ea17d715209ad94ab
132,508a338739d2821302a05f706593203cddc07da818ed9b497c37ed960d29ea96
133,528684e792a784bc166a729a943d68938b977a298a747f6c4383b2f9eb68d669
134,528b2c33cfe869e3e22c0e98aee2548e73693f2117b0898660d8104499c394de
135,537eac78cad302edea09e18e9d7c8a28d94757ad7b80634197d4bf85a43b5f62
136,547fc025e8444d87e56ad315b298ba938c1e6f69bff1c2e9808ac6789496c956
137,556ce53910a3056f1d2ba0683b22af43d3efd738d73f9bbe3d9424ff8e44633f
138,55cbdbfd5f1f5906a65f6065090076ee9d87b0ade8ec7a237d8a41f9243b0c99
139,5623c9fbb2f1b6b12ba775031dbf52fab977a8b466b64f153f3743069e13bb34
140,5625d2208e40e946929f48fc97de853f4ad67db553a4037dedd7ffd8927fbd9f
141,56462b94fe532317e1215f9f969a1a2d1eed4c6ec0067fd3b47ccb86704be566
142,5682368026671b30f35e0f0987bf17f2228c12611731c9b83c531e04a8300344
143,56d6834d491557552785ee10a0f4896d6164ee43f1d23b8a9e99bd689ef23512
144,56dbe36ebb431adc907e63def2601a3f2994ccb88cecc516cf6f0934d5117dc7
145,5784fe3e3d50eb62748e4d84facc383710239b4454816fb9152cf9d2a4672303
146,59ba623035ac278f18a73dceb4c6be68ff35b29901418d8c07f0a9b8518cd8ad
147,5accd4c7e8871ebd29ccd354f0860d37233a5d7d2cbfc65f56480574e22d22ac
148,5ae9c778d4f3d3eb27a38e2c6c4c058bf8570904bace4a98c714a5bd867d5c13
149,5c33c6218d47e00ef229f60da78d0897e1ee9665312550b8afd5f9c7bc6957d2
150,5c5bf982c6eb95ad65fa49ebe53efc09f1c50de8b6a37f2e9344080dcc4e10a6
151,5cbadb62986e3b61226c3d51caa8e57db1612ed21ed2d25d849f636476b3057d
152,5d2ea06eeb5772510e89a98ee82b10b58096288a1bae5b75e6ee9c5e336bfedd
153,5da550c3dd5bcc96058de54c3d054ffe2ff519ad2ec31645d0e10c6f64714444
154,5gkxs1jc.01.near
155,5ostap.crowdforces.near
156,601483a1b22699b636f1df800b9b709466eba4e1d5ce7c2e1e20317af8bbd1f3
157,611ec6e1528d981f7abe85f03229096d750eeb4cedb56796e9e12b793ecc7f96
158,61837ba20badc93c63c63fe05e29ae3103f95ed47421c34ae354f28059d345c4
159,619c8fec465332edfe03d39f5e4d5e6829cd4a0f188bfec4c85be0f806828e62
160,61e7f730b99aa88f1ab4aed1dbf10981f260fab520e1fced097fb4cb8a6d5d4a
161,61f8404b4344fbcdccc8e2ef5e4aa1a7cd81161e1d44d2fef65d11efa59b8dcd
162,6209d4f6d62fa507188c2a77132890188312960ab577cb19b40a7cc8a15368da
163,62198c0059b6543431fff69fb1063c5c27960c61ba039d12c7af14746ea5f2e5
164,631c038a14942a43964f18d589cc52ad60a159f2114246d91e2e975cf84cbf56
165,65358d759e47ca533d22c49460e655952685d5b24943ec5dc1b99447f3f7b661
166,65c32fc44a231da606bc473064547cde6c820e5435fce8174ea21484c6f203ee
167,666qwerty.crowdforces.near
168,6773ab0dd6c75d420c0f9393fe2112ec91a9843bda9bc84d3ba87fc4e40a747b
169,6853d0cddbf2ae8d3d5346b87c64e5011e0756c6adae6e43ffc884bff9bff9a4
170,686228fd4c36f754a3e4233d70d0c85c63f4cf1e488c290e08653eddf8057b0e
171,68e8abfbf31c8b1b8d1997166ff7e085828511c7f3d076e064e47289eae85174
172,69319a4d83f0a33a2fc5c04284c089d5eafb5a7e1abe955790da880655f47be5
173,695e739d3b71fa09fd3472ab4dd2c0a588162c917c6aa42ce9811cea3416ad08
174,6aba0545896133351651af145df45d412ba1dbc5f21cc27abd50582064094aa2
175,6b2e93ff6221dd70b65df108144b2b76a07e96f697acfbd5323a18eb300f2fa1
176,6d28f02205ac1afce0ba50ecaabe5a9f73e304e15eb09308d326ba0ac3511540
177,6f3b6587771d0d7ccbf6dbd8da97a6e9c03ba664cc6ac2f58964e663079408cd
178,6f9ec9a1153d3e776b411690737533026b7ad8a6e735d0edd32e3d532f29d55e
179,70ddd7f7615cd786c44b7d10e321a1ea355b08297993d58a8720ad925fbddd0b
180,725d9d50d566a918aa07d01870e00848086955d103a3cebb99e2a69d7fda2138
181,730f9112acd03cf72d13cc061e2ba532c4f00f777b3b86ad31df694ca38303fd
182,73788eca02962c2987aec73ee3d954c9f0e40f064f4ee98f1bf298393624e580
183,73d2dbf9ad4f3faba37263d3d8f6f48ba24a8a5877623ff6f7f1b18a2954d1ea
184,73fb0e0ba2f8dec125bcd8d19498dac35d196e8b15efa3a42179a2d1f9f9c81f
185,7450450b23b82479644b4084f8353e93b12e8b082a593b4176cd4a1b43265dbb
186,74c40b39fc8483f5cc0977a6b0d05f2858cb318cae3ac7cfe60f7ea51b97f4e5
187,74cc7721e5eb569033462bcd89e526cc1f287cfb516737ce4f278d3ba7f7f17d
188,75280380fb88acc78ab3f23288b9751e6b3c203ee337fbd7967b84715adbc901
189,759fa798eca0c5d936ae6add67ff1c5f26708b618bc32f019c487281039ad93a
190,75cd5e7a157ea13a6dcde4cc89357ecdf895411c0f43ab562379e878691de781
191,76abfdf84f6d707de20a1ff9cdd49ae7f7ebf959d94ed018d29cdd6acff22c30
192,76fd6f66380db1743b92c1ba8207724ffad2864857818d32ba8b520d37c8aef6
193,7747991786f445efb658b69857eadc7a57b6b475beec26ed14da8bc35bb2b5b6
194,77bc3d6232b69e310f48851747706e356369aad86c413f01d15d6ec68552644b
195,787bfb914054bef84d13ee44d79ce306548855352611c6526d84b476ab095e3d
196,787dc1c5643cdf6d81c547a5004445bc0b7d543de0c6755a2cf2729b23be5144
197,79474b861b2315493f9553ae59f7f505476bcc7d8c1662f8cda5b7b4eabc4bdc
198,7981ae28a8314f939c7b2d0cb4fca0cb0ea70e5c022b219425bc9c4d5723e8ce
199,7993809311543bd2c9f62dd7137b7bd5c7db3bb87bb74aa1cb3721d6cb4b6a68
200,79fbe80689c85b1f0a379ce20507cf793e826b6b0fa91d182da24380fe3d6554
201,7a456f782adb755fdf06a82b9cd8de701b13fa47e0872dc96dac946779f71a38
202,7a4e051dfb6af1a5d1b1f977fafbe053e04c996f62a1ffc57998ea24058e5b54
203,7ae92a7d88766cc5f3d6b8d5b553f3ff6e82570d5c9c49793db4998b6629c0c1
204,7b91740ad0d481531a15f97e19e29c1393977a9f879e5945dfb990ec8cd347d8
205,7ba25ddaed01c0df3888bbc0d5677a9243e76daf5591404c8dfa11d37fa5b9b3
206,7c0ae38d15ed66d2801633f5dada2089b9f8e4fc98c717f883517601eddbac8b
207,7d192fb2788dea0410c8bfa0d5ba75f17bdb2c137d795c006b6808b8de218e34
208,7d5492d4c5527b98381f09bc2e2dc69f70b07e3031176de6faff3473de7287be
209,7dcf6e7bd1574c31e7bd67689bb909c109b8a48857185cbabd76562f2239769b
210,7eee5392d8c77b279a329f168ff336b22911f02e850ab518d199c946667de01c
211,7f1eedd377f2c239b464baf7714ac1148ae41630fdadc1d80d559fbb6380be87
212,7f807355ceddd014fceb6ac8fca908326a76c1bd2a2ae9330662697fca97edb5
213,818c10dfd40ff6a54f92f7a1444e6089d225b20a7f6c173dd97c9cfc1f0f6cba
214,81bc0912c98f22d0a6c1227a6d09fcb98be6114659cf2cda15e87816d9176356
215,82534bcf6464a65874e1864ef9dbe95a36ffecf3540dc50c2cda84df014fc4de
216,826e08ffb413a3b9225a1aacc19e942c673bd6126d1c073266c5a4f437e46051
217,8405e0bb3cce8d1fdc4369d4d00e28d33b1fe949f64ffb98f1b069c68879713f
218,84e920fe93dc58c754e78fa06ed63860eead48594241e1afa51b4bafd82f5ff1
219,857b86e430db0c4b9efdabb9ae9116e37ae771da8c0a226b30735fca296773b3
220,85d6817f918283b7b4aefcecc7d9922ccbf2520ec6844089ce87ef0accd49b2c
221,85e9ddd1ab6a07afb33b83b0fec6803d1da929c06b618e92f6f090bcc541de89
222,86e6ebcc723106eee951c344825b91a80b46f42ff8b1f4bd366f2ac72fab99d1
223,871763ba6007753b5ba5c690ad2d859e7337c9d2b1460ebc8f4175bac2a8bc2f
224,8752a22f406da8a0ad662afaa3f9804804624c1f19e19b49955b6e9e8df55f58
225,87d14a1ab31a791cdb2332a0b49d97e3de815cca48ce285aa4321f57bdf1d598
226,890814cd17d9e795d37bc754ada056f11b00e74286a570bc791d22bb42fad79d
227,896457263d0700342c916c4fcb13745905beba66f1a9be80405f7929a1fe61e0
228,8a3f415837eb48d9977a29f313d3d443963b7d71b3eece051268f172e96ec954
229,8de53680682d8027d1f4a095330cb41b7bfdb31030459dcf089da12b644eeb2c
230,8eba950be95056069718851817ce69e5394107f1f0ae02e76a723caed1846ece
231,8f44c4b044a3c4e41fde1a3ad05fdaf0e63767fb213ebc8a24984e158a2c1b8f
232,8f766d9a6bf6e1735b6202615598a19d2ff9b208f2889b98297b50a300d319e1
233,8fcf9e4e4f7a91880484877d7545d7f60d0d829dece72beee29c05766ba8b025
234,907610eb9f867b6a839e847f2ed81aa9e66fbb57bd915a453ddf4df080904264
235,909d80fbc326d1b1605841ed91869272762f67648c0e4c02b17d54229a08bc3b
236,936314a91d7a9dda992e5c74955585b979efab6545d6e54e1191da03415289aa
237,940f7be88406a2d1af2f547e56808c63757619e598fe9ecb8efa279cb828b942
238,94902c4984c683e49b55844b673f9072543575426089b60462ccf1375c16fa22
239,950ef88df83d7ce4d9be3ff35a7c4b4c75687439ac2edc24b02b24cdbc73b5eb
240,95fcb025e50298e8c4b266ecd025a6bf084db414557c11daa4d97fb3613f73ca
241,96fd151ff67d7e52c380226ef0575819739573b172bbcd5e22daff72346398c9
242,97397d6deb9d1cd2073e99af972c22c843145e836779bafc126b029a4eb1ca87
243,973fffbc3c1fcc82d1c89ba11c18de77fe3bf3f918db7b012aa0ed90db1d898a
244,97f1cf666bd67dfad61973c7d07fbbeff0397d94df5223291a2624226c9b3f6a
245,9813a911ffe7cc0152acce2a9483ab9c6710047fe80fdab2bfe177d1ecfef05a
246,98351196711467c0e711e89c426d65a2b77fc7cab14f56a71a31df6bafc77fc2
247,98764fcf86a86c9ccf7c21260c7bf2c48d8387591c14925dab605eb3b37c4fea
248,991f405e65743bb5cce1359e2bf4fb337baee7bce5e8ea2bc2efb79a50863a02
249,994fc8ab49394762953edd37a9ed15d02f1e7cbd3a2e2adf399c44eac82bb4d0
250,9ac270728d9baccd493940dc076150b8e42423d68803b1c811b66d4ce75f975e
251,9c124b9d49ac6e72b3e77e4c7265289b0784debd021c91513a109bbabc13882e
252,9c2e24a1d2f5ad7ed8c73939c0940364ddc9790739c4095e3e9844405cb67311
253,9dd4474b60ff6f141970ce16fba9af521097b1323591e8df73cc624f6a2ba669
254,a0982e7475e1670bf9f681a4ca3977f912f06bb9f811a5764a0321f97640876c
255,a0ec127db4aedc088acad1e4479a7fe7dd7a139711e8c924e1cac356532da05f
256,a0f5af0783add1dce109adb841f4ca94abc9db719158b6c21119ad6db9ef6e0e
257,a2b0e9482caa97bd1186ee975e32f140a3fa745bf9eee40ff06cd0398ee2eedb
258,a2e8e77f2ff3384a2a843e62f7876b6241641e662d51a14c1be58b4aa67242c4
259,a3150e88b568852d662d20a18517bee01e18d141373ba4142d1cfb98734111e0
260,a32bd330884a721650dfa1622d69197cbc4fea93f00820cf51936c41209ae123
261,a3d682791af7b07db6218c04a2a9e79be050e1f7c952e3e3119ed7fe2e96994b
262,a4a8f65631d56b4232bd1e0cc5644e7875a74c64ce3473e2e596589212c6171b
263,a5fbaa703c682bebca0b45c06145da6d8006403a1f885a7f722ecedbadbea04f
264,a909405fb21308efcdb783bdebe60e562b3dee930ed855f98f45b6a44c05651f
265,a991e94eb21d63287029b978c47687ee1741dcc9017781a94aa0a9b0a8f7e034
266,a9d1be412f51c2ae2ba9c773132b1d4f4b32f97c7f84d1b1a99279838fc21695
267,aa750fb8533c9a8658eaef1e7ce498a26e7620fa5d0e0acc2ff8ae2f3418cc4a
268,ab00f43e4447865c899891136b87ee596184879b2450661154da8d35329bb4e4
269,ab1967a39d7dd931ba9de1c9ac593c3f3ec07adff94be4c13a07dfa30de25115
270,ab3165c1e75090f143a96c5031f674a02ac2005c12d6c6d536d7f4fdd26a114f
271,ab4284dd19993862ac2695658a401bfcf5011a40d99fd59e9cab8a47d9cd2958
272,abbbbq.near
273,abc9f9fea162b1d134ae065756aa0cec579b4d515706473989f078db7f599634
274,abide.near
275,abominate.near
276,ac952c43717735e22e9ed1644d3f17300445d4174216f4c282009db35fd7db6d
277,acb5bad02510bd35cb93eccd90c54629c523027402366b0b38442a9de3d02df8
278,ad23d7a03c1ab1ad9bfc34ee11a582efce36992a2765b12eaba0efb2f3339bc8
279,ad8d7e1a16783c1117679ccef1a37346eef2a1808e689e1fe47d9f1680b2a4b7
280,ae0fbd85394565eca5da5741ca283d6ff4312278c36864be824bc4fa6a08a6de
281,af8bcaf229a52473ceecf6ea85bfa760a9119eec3f9cefd02d245b1aab8a2874
282,afrasdfsdfsdfsdagfsdfz.near
283,agentx.near
284,akshatj07.crowdforces.near
285,alenka1.near
286,alerkillerpocket.near
287,alex_sokols.crowdforces.near
288,alexande.near
289,alexdat2000.near
290,alexspike.crowdforces.near
291,aliakseip.near
292,alinazhopa.near
293,alphahound.near
294,alvina88.near
295,amazinggrace.near
296,an2323.crowdforces.near
297,andreyklimkin.crowdforces.near
298,andriis.near
299,anhpp.crowdforces.near
300,ankurdua15_m22.crowdforces.near
301,ann_asian.near
302,anna888.near
303,another_one.near
304,antichernega.crowdforces.near
305,anton_pa.near
306,anton_pa1.near
307,anton_pa2.near
308,anton_pa3.near
309,anton_par.near
310,antongog.crowdforces.near
311,app.nearcrowd.near
312,archery.near
313,archetern.near
314,ares7.near
315,aruter74.near
316,astem.near
317,astem1.near
318,astem2.near
319,aymanriadsolh.crowdforces.near
320,ayyotr1p0.near
321,azathoth.near
322,b13ac9ed4752cec1bd4272f1167ee1402eb204677dac142dde02be0c0c8797eb
323,b13db20ca2dc52ba9134ab3c3a122db4f39dbd55555e9e4ba744034363630d67
324,b21d8fb1dbea66e67a45cf79ad106c2fdeeef84b14d963fce38ee487dcc07c8e
325,b2b2a094debfa2abc20200ff5b8976509245c4175575c648b625b18669ca3598
326,b3699dd8476a91b703ad7f560437d6297c376ac2dee8dddaca118cbaf32e3a87
327,b4500547b40815b2dbea27a8f234d187991c2be09cc08510106afc84a4c8f1c6
328,b4d4fbe8f1dc1099a495ed2bb457b3f6c4f348a3cc928849fca1c9bb9db74ace
329,b4dc7f2365f59afe01ef94935283a25634ebd132b34e195f365969ee98fe2ab9
330,b4fc9261d1c3ab5a31794135910b4a2997ae4955f88488c6eb2c4f0e3f129887
331,b563d1e4bfd7ed0dc003cf569fe2e7c30ed8b24e204b86b3e3ed769db6ba3923
332,b653226b54d837bb88099c51cfef19a87ee4a346e356e23cdd51016d313a3944
333,b6670d4a4335718eb659d4b29e81430423310f0dd2c2cfee189333f5b30a4307
334,b7010af08bc18a92691468502be85600d23e1d50771b8cc9239b03700ee8fe98
335,b8de4f9f71ed0a97d4f5bed8f600a01eb397129a2e9ffc432176d3f8cb5509a9
336,b8f8cb71ef23146aabfef880a39f6d9f42dab1814aa185a32448de9c6139fc56
337,bab5b6cd0900360ce2179ba7f89d996272e187a86b7bfa88a2376b3f417a5085
338,backer.near
339,bagman.near
340,baitem.near
341,bakamurmoney.near
342,bankaccount.near
343,basedboss.near
344,bashem.crowdforces.near
345,baukaman.crowdforces.near
346,bbaee5d07df006d8ec5f108a2c41fae7d1fa9d87129c40d4fc95529c6217c94a
347,bbdc4fcc088cb3c2055096a5b82924ad48746823fd3185d6e09a93c16549a521
348,bd241aa6506e2d474f67e1ea829d9569151f2a89115281393bd6e3f9ee5ba689
349,be2564f068e4e20fba1ead26e2e12b92e91c80d5355f01e5735fc5ef653f9952
350,bebrabebra.near
351,bebrulya.near
352,beca65068dd10f526a22be994af2608ac206f37ee61441409acb53979d2c4416
353,beevaapaa.near
354,bef1634fea244cc642af86b194366b899753209044a4b70e313dd8bc7431d2ef
355,beget.near
356,behrooz.crowdforces.near
357,beinglazy.crowdforces.near
358,beline.near
359,berkor.near
360,bettyboops.near
361,bfc6eea0a5a6ddbe0630ad07e8e091b6647bbf4c85944f587131d0a206dbda69
362,biba-boba.near
363,billgayts.near
364,bitchinnyy.near
365,bitcoin3.near
366,blad.near
367,bleeffy4real.near
368,bliznetc.crowdforces.near
369,blowcujoh.near
370,booba1.near
371,bossofthisgym.near
372,br1ge.near
373,bundlr1.near
374,bytepower.crowdforces.near
375,c0634522f4994154b602a9e1f6377639649ac18224a4e4d142268b4654fb219f
376,c0ab8e4f800d65efe2354a9ae899b07b8cadd4e47858fe3a1b71d77222ccd6b7
377,c1145841471df53649f321c4e8b293793e11b5f7e3827f69823abc0b81f28ef8
378,c129dac22e3b190d9a3752efb87abc600b7d41d6774d1d4638459eeb5cb086aa
379,c399af446e5eafa9fcd84c42f6f7e7c1f866bf4c42af68cc979f3ce6483667da
380,c3c7dc0bbbb7c0314daad7879a69ffdecd06a376351ac196a0ccb30c8352dfd2
381,c3ee30b420a699ea29c8e6bad59ebfc14171101ace9a0b1ee1bee12174416f30
382,c48b4e6f05581477d6439f58d42e31efe4829abdcbb11bb8b511c9b8562cd9b2
383,c497aa4e3c95a83c00ea824b421f47e2f6c8796efe61f9fc89a2b2ca2ac02d51
384,c605e3213fc47cbfe8fc489db50c3835648c941f054a381d694b21085b6c37d2
385,c608a3175d6c084737288154a69eee45e6f78301ad854e7c4d2933fa2ed54cca
386,c608e924277358da1ae27219f4a03d1d2e1f93525d4fcedffbc2d32c2ebc832c
387,c632af6ac6f09da0ef18afb9146d6fb6d7a61cb849abe00ae9044207d5d4b468
388,c64a766b7e14288e58005386932c7ffb2c9b3906dbc0944fb89a9ccfaf50737e
389,c65397b61bc712fd14d907eef069ed6a70a21aeba5a86325c1781819e2197516
390,c77e33cc5d009799f53b8e0f7acdb89d095e307c58402c94b74f91008bc91c2c
391,c8d3ad8f8c5421ccf93682b77cf6751b07e06ce129156933418c57ca7e8c8df6
392,ca56d1dcd8a0ab13a61701a7cfd1393880d911e6098d3cdf39ec4487a91a6e0e
393,ca68c948f50bd9fb91b2e3de62cd0d7a9acd5c7883799035a0eeb4361f392b01
394,cafaf04d24cc5ebd11fdd14986e80a45ce4fe0140f9d05c67c265343cf593746
395,cashh.near
396,ccb91e1db61e8d7e1d4ae3e043001140132959a86ee35a548b6563a46284a6ea
397,ccom2.near
398,cd27508bf517d96c6d81edd64977a238ee9f1ecd56bf9a59b0670fe3c1db851c
399,ce57a6ec8a0a5864237b83fbea27ed6d4c5f615014497beab4e23e99119c8e37
400,ceb59e9b6ad694f55c82a3296a4d4df42d2ae979d3982ae2ce8ce485cc84a318
401,cecc03aece7449aa34e7a264bdabfb46fed18d32dc3afe27ef7657001ca000e3
402,champmommam.near
403,chelowek.near
404,chengqian_li.crowdforces.near
405,cherryx3.near
406,chingretto.near
407,christinas.near
408,ciiku.near
409,cmsholdings.near
410,codeducker.crowdforces.near
411,coin919001.near
412,coin919defi.near
413,coinpapi.near
414,collabwithatwist.near
415,combatcook.crowdforces.near
416,copilka.near
417,creepers.near
418,crvenazvezda.near
419,cryptosazerac81-nanox.near
420,cthulhu.near
421,cungchi.near
422,cutemia.near
423,czardas.near
424,d073aa0c668a327216ca6ff7bb1623f0829a073bc686768edd20517d402d029e
425,d10518390d2ebb58abf4d1f2a98b86989f0a7d09f020f966c6ff6ddc21708c41
426,d2363bc50303933a418f97ab3547f5619b86368b23e89dce66e85ca72441d6d3
427,d3dba5f02b7f0c58e02ea5471ed153b1fc252acdb3827626cd0edb087f1cd634
428,d3nd1.crowdforces.near
429,d48d1e403771c4d961a41a980676d9162192bebf1120354c121a1559dc362674
430,d5f38e8c9df352f8e0934d00147d3a441d11857c54d50b721cd859f1cf191234
431,d62415bb7f04d44a1d3faebd6c3c0b01e27961303a0332e37dcc85a14eb03fbc
432,d647be6806b3000006c36082c3ebec68869e781baea909ffd27c27f808f78338
433,d6770decd40e04cc8581035c29ca5a9012a97f466cfec553a585fc457b542c15
434,d6ca94a3215a37ac6864ec78da086afc2662d2a0f428c805055e053f26e2a593
435,d73888a2619c7761735f23c798536145dfa87f9306b5f21275eb4b1a7ba971b9
436,d798f2b4cb90ddf59bb94ecc02aa9f23a4835696ce79238c2c71c51885472d51
437,d8ac2f5815eab6cd695267f8f5d50ae865863f84f557875667e79ee503e87248
438,d9130b0c7e26aa12c6d4af96247faf8e9121cfa4bfdfacd37a18e87cfaa2c6df
439,d9307511beaffd4029bab8a563bdb635f03cc4acc7c81745fcb273e8810e2185
440,d93aecf053aab6a34143a13ee4405022c94b4b133c4a2841f75a8332426cbb1c
441,da3dcc4d5b06dd67accae94d8159f4f1f65b059fc5e48378cae4bb66c4daa5b8
442,daadfb36d43514ccfa599e2033a57defee59ec81c820dff7b9bd14ae19b2b881
443,dad314b1dffdd28f3bb96f378c8d98462cdc9b05aa9e02356b8c7fe95f42571d
444,danek.near
445,dangerira.near
446,danistone.near
447,danyaept.near
448,dave1280.near
449,db183a08f3e34cee3fb45633620ec42e091100960fe2ce62d4df414a45b0baa2
450,db63be8369054cd34afe6f637b1c823a2373c518f80b973ca0590037aca32587
451,db8c6234f8705f9dbc87001679826c87e99a15a465eacd70fed4d4e212473603
452,dc687cb4b38818a235d6b837c870a1eb84f84fe82ed9aae0a978eccf58ec8d7b
453,ddf8f5fed004845fc67caad82b04dba6fa20ed2560d61fa128bffb23a2e1c502
454,defb1234ae52486ea8238814a8a043ac815034f081fdb3d1b72929765a2d3078
455,den4ik.near
456,dendy123.near
457,denismadris.near
458,dfa0941b8674be41d8ee775c5c0548ca3200924164313ee05dc272bf91d2b712
459,dfcf79e453dd3971e93f4d5a1acbd457435d7e99f8f1525bf584d215180df105
460,dilfuza.near
461,dima10.near
462,dimatimoshin23.crowdforces.near
463,dizhen.crowdforces.near
464,dleer.near
465,dmga44.crowdforces.near
466,drcryptoshi.near
467,drohne.near
468,dronik.near
469,ds_tskn.near
470,dsra5mfh.01.near
471,dubs.crowdforces.near
472,dxdt.near
473,dyuba.near
474,e03714a7482704580e3b0676405d52d9aaea35723afe15fa607eb6138ecaa571
475,e0c2e2346893b3c57a1212ea9e151cc660a934e73fd9d85e16e2804837a258a5
476,e0f01bb6164b092e0e66805a80ce2f17b8bbb36fdeafec50c53d2616ce37445e
477,e0fcf73c0446479068a00d75463a045679a7b8ccdf7baf2a726f7f5d4f68af01
478,e13e355763451409834a1101586d6b80ab7b4eaeef3cb2840e028234a6247425
479,e1502f779824403a209f6cc3e658add35bf6bd966e16bea776b3cebbdd6a1b91
480,e185731af38d6c670c4e338d4b5ef8090afa89ded47dd3eb55c9ee3f18412eed
481,e273f7f30d27b5d2d34d84bf6efd2a09c1e57b432d8911595c165904aa28c8ab
482,e2958c83448edbf8de6f9ceeabb7aea0277524f3954848033da72c12fb9eacf1
483,e48a54a13d77a4619ce5e0cc7fd4a73f3c685abe39d10f7a62499d8823b7c27c
484,e528c07cd09aafc1a4ddec91666ca798b6b8d273df69ab3184517c65bc875f6e
485,e580c4fe85c6c956ee3bfecc5007ceb525dd5339d0dc580b81ce939ac61298bb
486,e6080f2a00295c9d85bd2a678bed9a6aeeee102f5bacd4a96c522e63a1742a51
487,e68e2e4f509ca5b7ff2743d5b9ee270f3d7af2a17134473ff23351064b61fe9f
488,e794948a62f79e72afa52c9a35c12b8072d1ae9a176938e05c0fa2277d72ee5e
489,e88b2b69ea1bee8c9b4a9fa433ea5fff0640d1fc42f74b298e656dd29314264a
490,e8da3dde25eb9873f678f65bfd37c6c4c9e716689cda551f096123e28c1bfeff
491,e9d2914b31a766694c8f9b7b6475f340a61527e8c729c73a962bcd301044ead3
492,e_lena.near
493,e_tomi.near
494,ea0d3b5d2cf81fb2b18cd9efeb535dbf8e5acc3ac8ad372b77e440f489d9af67
495,ea2ebaa0ded9d3646f029bc87f56b6d18ab076c8df96fdc719c4aef344fec7ad
496,eb3c2bfd6bf357f433be30292d78b23f948ee75f63baca2cc5f56cff1751c294
497,eb40a815aab060cdcf5540685b1c0f4a7661b035aee28e751e0df865587da5cb
498,eb6d8310cd0cab52f7ddd517b4ab44b024bb89effeaecd8ce6e2af22a7d86575
499,eb8083679077740fb21cbc6bcd1e76bdf1fd4eb2e548cc2cfafd16207e899deb
500,ed5f4506b32d45b6a74488acc58da1aa2ef8bd62dfb79cc0b731e481c74d63b3
501,ed75d1ad8e5e069b42002db07c21fa9360c1e8becd4b47b8922d9c48a1f50405
502,edcb5abe080ee5d65953a891f05a22d8f7b295ff3beae42115e133f29702acb4
503,ee0b8aa8c6a4ea2d3a66eb2341ae85cf7487d0ec5d72ac3bf7acfcb41c6c3edc
504,ef4f1cf0465936cfe189f7e2d982d0ba0ed94440a7193d27456ff89b19090001
505,ekaterina.near
506,elemy.near
507,emrys1.near
508,entin.crowdforces.near
509,erikaprepon.near
510,ermakov22.crowdforces.near
511,erthking.near
512,escobarindo.near
513,esraaker.near
514,evgeniy3009.near
515,evgeniynear.near
516,excalibur.near
517,explosion.crowdforces.near
518,exynos.near
519,f027b5e977f59270abbb688959463ea882a138f26c16426209a63d9e99f9a3d0
520,f0798727e55ae0c616296f890496c066af730bf63e10ddbb0fb8e4311e7216e3
521,f0m0.near
522,f1030015d241ea8333b5ec6d3d0885725bbd0a5d9f49c8071528dfe7ed32c74c
523,f10559f3a6aec6924e45053501e5dc891f9ce906c045cb7f74c9438de21f7e9b
524,f1155e99dad74d7e416fce39726a3673f8ec102c0580ed7fb8128c1b6f360116
525,f28e34e3febf322b8832b763adbed71cccbdf83bb361ed3e3f98f1d87aeead79
526,f39f48835e6e9650768b86dbceec83501861a5145b13f4920cd1b136280ad9d5
527,f492d1c61d8c046fc8f2591c9bf7060e1aae05596c2e88b91f0fb336fdc29c39
528,f51430fb9864b02e147d5dc2dcdb0b5b88d4b1ec9140998323658969b00d0447
529,f5250d8dddad535c297e59a0d14558a4c91ef54338d6495072fcc1fb0a4b27b0
530,f767e4dbb495586abe1b25258d5a38a0122cf77a03a6d50d85943091ed8a619e
531,f8413746a47b6405d4a78e79531f9e090d80139da962888349aad3a1812f1773
532,f94f43b2bba9c6a4d02611df300fdc45800e1936cc3a63f4ff3e246624754b2b
533,fa0ea39baa71018b12843ac70a81c3185b1dff2b2b3a1ec5f511dcd4ecac4714
534,fanatgachi.near
535,fankjfbahbfahj.near
536,faresissa.near
537,fattienay.near
538,fb6b510b99d88d0a63d6cb7d60c0fa9d1fbf122301c3b1e83bf3e634619ba8a9
539,fb90172bc115a08b276b4132388cfcc42b10678653422d73a56a1a55b382c628
540,fc0f3ea1f9c4dd7efe963664f7e8d4197cadb64503593bf4b44d19b384c16e36
541,fcc460e95b1e2ec70b273cd2c5160a28892c6294ac7b392562d975bd4c7f97c5
542,fccd0d1359af83ef3734c2abe4aa774e542c7eac00d0703501c4421bdbea8fc7
543,fdf7468d84187db6880f0dfac65c950257e27d36bcdb8d74c8b1c16f3bf5aef9
544,fed92832a57f37d58aba9ee6b7e5f2d957175322425c9af82fe95d8acc4aef52
545,fedak_aleksandra.crowdforces.near
546,fef72f5a3244094d54b0ca5032768ec87c535045fb2684d6aacc15d74ae328b4
547,ferzo4.crowdforces.near
548,fetkaarbuz.near
549,fetkanear.near
550,ff8091bb4c051734a60940a7115dcb96033faeb373879f0e8ba12918f5e92a86
551,finn0507.near
552,flagt.near
553,fly_heck.near
554,flyheck.crowdforces.near
555,frankbozar.crowdforces.near
556,fuctang.near
557,furrowy_duck.near
558,fx8320e.crowdforces.near
559,gamegame.crowdforces.near
560,gamicrab.crowdforces.near
561,geka.near
562,germanij.crowdforces.near
563,gfi_freeskow.near
564,gmusya.crowdforces.near
565,gofaster.near
566,goodevil.near
567,googler.near
568,grandalex.near
569,granthul.near
570,green_gold_dog.crowdforces.near
571,greystory.near
572,guesswhos.near
573,gulag.near
574,hanquocb.near
575,hanquocj.near
576,hanquock.near
577,hanquocz.near
578,happymikey.near
579,haqkux201.crowdforces.near
580,harlos.crowdforces.near
581,hellelujah.crowdforces.near
582,hunghn.near
583,hungthinhhomes.near
584,id_v.crowdforces.near
585,idontreallycare.near
586,iego.near
587,ihavehir_m22.crowdforces.near
588,iitgo03.near
589,ildarovi4.near
590,ilg3.crowdforces.near
591,imzacm.near
592,infoecoo.near
593,innamak.near
594,innamak2.near
595,inversion.near
596,ira_kriachko.crowdforces.near
597,ira_v.crowdforces.near
598,iraaaaa.near
599,irandatka.near
600,iriska.near
601,ishanbull.near
602,it_machine.crowdforces.near
603,ivvandm100.near
604,ivvandm95.near
605,jeffsatori.near
606,jf1x.near
607,jiljungjukmain.near
608,jmousja.near
609,jnkey.near
610,jordybnft.near
611,joyo-gen-0.snft.near
612,joyoapp.near
613,jreive.near
614,jser_hapi.near
615,jultrb.near
616,jungyerin.crowdforces.near
617,jupyter.near
618,kadyrov.near
619,kaewkaew99.near
620,kamon.near
621,kanna.crowdforces.near
622,katka51.near
623,kcfteam.near
624,kefaa2.crowdforces.near
625,khasinmark.near
626,kheiron.near
627,khvlada.near
628,kibton.near
629,kirillskrydj.near
630,kitsune.crowdforces.near
631,koreanb.near
632,kost_14.near
633,kostet.near
634,kostyalohivaniatogeaevreytop.near
635,krissog.near
636,kshipc.near
637,ksu.near
638,ksuksu.near
639,ksusha_programmer.crowdforces.near
640,ksyushapole.near
641,kto-tonomer3.crowdforces.near
642,kuzan_aokiji.crowdforces.near
643,kvanta6.crowdforces.near
644,lankin.near
645,lapa.near
646,lapa1.near
647,lapa3.near
648,lazyman.near
649,ld_bd.near
650,lekplay.near
651,lelkok220.crowdforces.near
652,lelkok228.crowdforces.near
653,leonardo_day-vinchik.near
654,lesnikovigor.near
655,liemcute.near
656,lies.crowdforces.near
657,lilog.near
658,linksex.near
659,lisapolyarush.near
660,lizavetkakhol.crowdforces.near
661,lokd.near
662,lolnewacc.crowdforces.near
663,lorana.near
664,lowskill.near
665,lw_ck.near
666,m0on.near
667,mac_chiken.near
668,maeveisbae.crowdforces.near
669,mag999.near
670,maiek.near
671,maixuanvang.near
672,maks1mk_a.near
673,maksnevor.near
674,mamaeb.crowdforces.near
675,marilyn69.near
676,marina88.near
677,markoeth.near
678,matfu.crowdforces.near
679,max220405555.near
680,maximi.near
681,maxysfray.near
682,mclaren.crowdforces.near
683,meganom.near
684,mengcheng.crowdforces.near
685,meryemalmaz.near
686,metafarm.near
687,mezonquark.near
688,mikey42124.near
689,milhous.crowdforces.near
690,mint_nearlabs.near
691,mip182.crowdforces.near
692,mip182.near
693,mishazuev.near
694,mogby.crowdforces.near
695,mohdabbas.near
696,moneymoneygomyhome.near
697,moneypit.near
698,monkee.near
699,monogon.crowdforces.near
700,mostyniko.near
701,mplust.near
702,mtelegin.near
703,mtm.near
704,mukim.crowdforces.near
705,munteanuvlad98.crowdforces.near
706,murka2.near
707,nagi.crowdforces.near
708,nashalnike.near
709,natalia85.near
710,nataly_cod.crowdforces.near
711,ndh0206.near
712,ndhuy.crowdforces.near
713,near_bobi.near
714,near_turkiye.near
715,nearballs.near
716,nearcoldtree.near
717,nearcrowd.near
718,nearlynoob.near
719,nearnftz.near
720,nearton-staking.near
721,nesvlad.near
722,nevgivin.crowdforces.near
723,newairrf.near
724,newnearwork.near
725,nguyenchanhduong1.near
726,nhqk27499.crowdforces.near
727,nikekillers.crowdforces.near
728,nikollet1.near
729,niumomo.near
730,nonamenow.crowdforces.near
731,nothingbutgood.near
732,oflu.near
733,okancaptain.near
734,olenenok.near
735,olivka.near
736,onepomegranateallsick.crowdforces.near
737,onium.near
738,orcmonk.near
739,ovcharov.near
740,owlgames.near
741,pard145.near
742,pastafar.crowdforces.near
743,paul_maly.crowdforces.near
744,paulinka.near
745,peachynft.near
746,peakyblinders.near
747,peepeepoopoocheck.crowdforces.near
748,peka.near
749,pelicanwaters.near
750,pemagu92.near
751,perfectlife.near
752,pharmacolog.near
753,phys_mat_kch.crowdforces.near
754,picturess4.near
755,pipita.crowdforces.near
756,pipkabibka.near
757,pizza.near
758,plastilin.near
759,platina300.near
760,play_erwan.crowdforces.near
761,pootlongto11.near
762,popit2.near
763,popugai.near
764,poseesor.near
765,pozhiloy_vityok.crowdforces.near
766,primetime.near
767,profit.near
768,protocol9.near
769,pym201818.near
770,qaws.near
771,qsmcgogo.crowdforces.near
772,quackable.near
773,queef-vault.near
774,r0v.crowdforces.near
775,rabotaperm2.near
776,rabotaperm3.near
777,rakis.near
778,ralfusha.near
779,ramd.near
780,ratsa.crowdforces.near
781,readers3.crowdforces.near
782,realdegenfaragu.near
783,redone.crowdforces.near
784,reedick.near
785,renrub.near
786,retitre.near
787,rezanchik.near
788,rezerv-100.near
789,rezerv-11.near
790,rezerv-14.near
791,rezerv-17.near
792,rezerv-19.near
793,rezerv-20.near
794,rezerv-21.near
795,rezerv-22.near
796,rezerv-29.near
797,rezerv-30.near
798,rezerv-39.near
799,rezerv-44.near
800,rgbvpn.near
801,roma98.near
802,rosario.near
803,rubicman.crowdforces.near
804,saborit.crowdforces.near
805,samada.near
806,santiag0.crowdforces.near
807,saulscotland19.near
808,saveukraine.near
809,sb2test.near
810,scriptonite.near
811,sergeykush.crowdforces.near
812,sfzero2.near
813,shedevr3.near
814,shedevr4.near
815,shedevr5.near
816,shedevr6.near
817,shells.near
818,sheogorat.near
819,siberian.crowdforces.near
820,sidil.near
821,sigmamale.crowdforces.near
822,simpleguy.near
823,sl_krb.near
824,sn0wyq.near
825,snft.near
826,sob1k2.near
827,softmilk.near
828,softmoney.near
829,sonne.near
830,spermspermo.near
831,spiderpig.near
832,stariybog.near
833,stariyded.near
834,stopban.near
835,stopfuture.near
836,subwaysurfers.near
837,sud0.near
838,super1.near
839,susn1425.near
840,taimas.near
841,talhakahraman.near
842,tanter.near
843,tedi20.near
844,tedi_2_0.crowdforces.near
845,tekk.near
846,teleginate.near
847,telegins.near
848,tfdmx0.near
849,tfr.crowdforces.near
850,thaison1.near
851,the_hawkeye.crowdforces.near
852,the_redarrow.crowdforces.near
853,thebestuser.near
854,thehu.near
855,theparas.near
856,thossaporn.near
857,timkris.near
858,tmwoo.crowdforces.near
859,tortiktvoymat.near
860,touri5t.crowdforces.near
861,trancung.near
862,trannen.near
863,treap_enjoyer.crowdforces.near
864,trukanduk.crowdforces.near
865,trump_constructs_china_m22.crowdforces.near
866,ts9k-mix.near
867,ttr_pwr.near
868,tuchik4kc.near
869,tyer.near
870,tyomartyom.near
871,uchastok.near
872,unf1el.crowdforces.near
873,used_tobe.crowdforces.near
874,user_sergey_b.crowdforces.near
875,userdie.near
876,v_inori_v.crowdforces.near
877,v_justme_v.crowdforces.near
878,v_kitcat_v.crowdforces.near
879,valenta.near
880,valeriak.near
881,vanek1234.near
882,vankeloff.near
883,varvar.near
884,vaslians.near
885,veronika999.near
886,verushka.near
887,vesna.near
888,vetallya.near
889,vikfil.crowdforces.near
890,vimmer.crowdforces.near
891,viri_aldi.crowdforces.near
892,vlad2001.near
893,vlad21123.near
894,vladik.near
895,vladimir_kazakov.near
896,vnrezanov.near
897,vonat1us.crowdforces.near
898,vovmr.crowdforces.near
899,vstrashko.near
900,vuhuytran04.near
901,vyshniak_ivan.crowdforces.near
902,witch3r.near
903,withoutaggression.near
904,wsqa.near
905,xalva.near
906,xay_m22.crowdforces.near
907,xayljq.crowdforces.near
908,xeyic88203.crowdforces.near
909,xionix.near
910,yakov.near
911,yfud11.near
912,ynwmelly.near
913,yourstory.near
914,zannerai.near
915,zara1234.crowdforces.near
916,zelenoglazka.near
917,zhuza.near
918,znakomiy.near
919,znkl_frvr.near
920,zsp.crowdforces.near
921,zuun7.crowdforces.near
922,zvonimnepohuii.near
923,zztttttt.near
